rental_type,complex_name,district,address,address_norm,house_type,building_form,completion_year,unit_type,area_exclusive_m2,room_count,household_count,unit_count,elevator,parking_count,heating_type,eligibility_summary,supply_class,income_bracket,household_size,protection_type,unit_no,priority_rank,deposit_krw,rent_krw,lat,lon,geocode_precision,geocode_shift_m,pnu,anchor_lat,anchor_lon,anchor_dist_m,anchor_score,hospital_dist_m,hospital_score,library_dist_m,library_score,mart_dist_m,mart_score,park_dist_m,park_score,sports_dist_m,sports_score,subway_dist_m,subway_score,daycare_dist_m,daycare_score,kindergarten_dist_m,kindergarten_score,elementary_dist_m,elementary_score,middle_school_dist_m,middle_school_score,high_school_dist_m,high_school_score,cafe_cnt_750m,cafe_score,convenience_cnt_750m,convenience_score,gym_cnt_750m,gym_score,laundry_cnt_750m,laundry_score,vet_cnt_750m,vet_score,study_cafe_cnt_750m,study_cafe_score,restaurant_cnt_750m,restaurant_score,bakery_cnt_750m,bakery_score,hair_salon_cnt_750m,hair_salon_score,pharmacy_cnt_750m,pharmacy_score,store_total_750m,noise_store_750m,noise_ratio,bustle_pct,noise_pct,vibe_t,vibe_score
매입임대,수영동,수영구,부산광역시 수영구 수미로14번길 30-8,부산광역시 수영구 수미로14번길 30-8,다세대주택,,1990,,42.72,2,4,1,미설치,0,,무주택 일반,,,,,101,,6152000,26000,35.1734574,129.1111122,Google 건물번지,64,2.65001E+18,,,,,1029,1,729,1,882,0.9296,531,1,1515,0.596,142,1,181,1,218,1,548,1,1046,0.8421,1247,0.7349,48,0.5641,23,0.5385,8,0.4615,20,0.7692,0,0,1,0.1795,336,0.5897,22,0.7564,123,1,0,0.359,1401,147,0.1049,0.5897,0.5641,,
매입임대,수영동,수영구,부산광역시 수영구 수미로14번길 30-8,부산광역시 수영구 수미로14번길 30-8,다세대주택,,1990,,41.79,2,4,1,미설치,0,,무주택 일반,,,,,102,,6152000,26000,35.1734574,129.1111122,Google 건물번지,64,2.65001E+18,,,,,1029,1,729,1,882,0.9296,531,1,1515,0.596,142,1,181,1,218,1,548,1,1046,0.8421,1247,0.7349,48,0.5641,23,0.5385,8,0.4615,20,0.7692,0,0,1,0.1795,336,0.5897,22,0.7564,123,1,0,0.359,1401,147,0.1049,0.5897,0.5641,,
매입임대,수영동,수영구,부산광역시 수영구 수미로14번길 30-8,부산광역시 수영구 수미로14번길 30-8,다세대주택,,1990,,65.22,3,4,1,미설치,0,,무주택 일반,,,,,201,,6152000,26000,35.1734574,129.1111122,Google 건물번지,64,2.65001E+18,,,,,1029,1,729,1,882,0.9296,531,1,1515,0.596,142,1,181,1,218,1,548,1,1046,0.8421,1247,0.7349,48,0.5641,23,0.5385,8,0.4615,20,0.7692,0,0,1,0.1795,336,0.5897,22,0.7564,123,1,0,0.359,1401,147,0.1049,0.5897,0.5641,,
매입임대,수영동,수영구,부산광역시 수영구 구락로43번길 20-11,부산광역시 수영구 구락로43번길 20-11,단독주택,,1992,,64.19,2,5,1,미설치,1,,무주택 일반,,,,,301,,4835000,33000,35.1715195,129.1179357,Google 건물번지,60,2.65001E+18,,,,,793,1,1556,1,1057,0.8363,432,1,847,0.9483,732,1,181,1,837,0.9536,739,1,870,0.936,1354,0.6779,55,0.5897,25,0.6026,10,0.5641,14,0.359,0,0,2,0.359,393,0.6667,18,0.5641,84,0.5897,1,0.859,1404,209,0.1489,0.6154,0.9744,,
매입임대,수영동,수영구,부산광역시 수영구 구락로43번길 20-11,부산광역시 수영구 구락로43번길 20-11,단독주택,,1992,,33.57,2,5,1,미설치,1,,무주택 일반,,,,,202,,4835000,33000,35.1715195,129.1179357,Google 건물번지,60,2.65001E+18,,,,,793,1,1556,1,1057,0.8363,432,1,847,0.9483,732,1,181,1,837,0.9536,739,1,870,0.936,1354,0.6779,55,0.5897,25,0.6026,10,0.5641,14,0.359,0,0,2,0.359,393,0.6667,18,0.5641,84,0.5897,1,0.859,1404,209,0.1489,0.6154,0.9744,,
매입임대,수영동,수영구,부산광역시 수영구 구락로43번길 20-11,부산광역시 수영구 구락로43번길 20-11,단독주택,,1992,,37.01,2,5,1,미설치,1,,무주택 일반,,,,,201,,4835000,33000,35.1715195,129.1179357,Google 건물번지,60,2.65001E+18,,,,,793,1,1556,1,1057,0.8363,432,1,847,0.9483,732,1,181,1,837,0.9536,739,1,870,0.936,1354,0.6779,55,0.5897,25,0.6026,10,0.5641,14,0.359,0,0,2,0.359,393,0.6667,18,0.5641,84,0.5897,1,0.859,1404,209,0.1489,0.6154,0.9744,,
매입임대,수영동,수영구,부산광역시 수영구 구락로43번길 20-11,부산광역시 수영구 구락로43번길 20-11,단독주택,,1992,,34.62,2,5,1,미설치,1,,무주택 일반,,,,,102,,4835000,33000,35.1715195,129.1179357,Google 건물번지,60,2.65001E+18,,,,,793,1,1556,1,1057,0.8363,432,1,847,0.9483,732,1,181,1,837,0.9536,739,1,870,0.936,1354,0.6779,55,0.5897,25,0.6026,10,0.5641,14,0.359,0,0,2,0.359,393,0.6667,18,0.5641,84,0.5897,1,0.859,1404,209,0.1489,0.6154,0.9744,,
매입임대,,수영구,부산광역시 수영구 구락로43번길 20-11,부산광역시 수영구 구락로43번길 20-11,단독주택,,1992,,35.96,2,5,1,미설치,1,,무주택 일반,,,,,101,,,,35.1715195,129.1179357,Google 건물번지,60,2.65001E+18,,,,,793,1,1556,1,1057,0.8363,432,1,847,0.9483,732,1,181,1,837,0.9536,739,1,870,0.936,1354,0.6779,55,0.5897,25,0.6026,10,0.5641,14,0.359,0,0,2,0.359,393,0.6667,18,0.5641,84,0.5897,1,0.859,1404,209,0.1489,0.6154,0.9744,,
매입임대,수영동,수영구,부산광역시 수영구 망미번영로74번길 62,부산광역시 수영구 망미번영로74번길 62,단독주택,,1990,,86.13,3,3,1,미설치,0,,무주택 일반,,,,,201,,4704000,54000,35.1731786,129.1139552,Google 건물번지,100,2.65001E+18,,,,,915,1,1064,1,788,0.9797,333,1,1198,0.7611,208,1,164,1,381,1,402,1,1190,0.7653,1462,0.6203,58,0.6154,27,0.6538,9,0.4872,15,0.4872,0,0,0,0.0256,405,0.6923,21,0.6795,95,0.6154,0,0.359,1498,198,0.1322,0.6923,0.8205,,
매입임대,수영동,수영구,부산광역시 수영구 망미번영로74번길 62,부산광역시 수영구 망미번영로74번길 62,단독주택,,1990,,39.17,2,3,1,미설치,0,,무주택 일반,,,,,102,,4704000,54000,35.1731786,129.1139552,Google 건물번지,100,2.65001E+18,,,,,915,1,1064,1,788,0.9797,333,1,1198,0.7611,208,1,164,1,381,1,402,1,1190,0.7653,1462,0.6203,58,0.6154,27,0.6538,9,0.4872,15,0.4872,0,0,0,0.0256,405,0.6923,21,0.6795,95,0.6154,0,0.359,1498,198,0.1322,0.6923,0.8205,,
매입임대,수영동,수영구,부산광역시 수영구 망미번영로74번길 62,부산광역시 수영구 망미번영로74번길 62,단독주택,,1990,,38.94,2,3,1,미설치,0,,무주택 일반,,,,,101,,4704000,54000,35.1731786,129.1139552,Google 건물번지,100,2.65001E+18,,,,,915,1,1064,1,788,0.9797,333,1,1198,0.7611,208,1,164,1,381,1,402,1,1190,0.7653,1462,0.6203,58,0.6154,27,0.6538,9,0.4872,15,0.4872,0,0,0,0.0256,405,0.6923,21,0.6795,95,0.6154,0,0.359,1498,198,0.1322,0.6923,0.8205,,
매입임대,수영동,수영구,부산광역시 수영구 수영성로 21-9,부산광역시 수영구 수영성로 21-9,다세대주택,,1989,,75.03,3,4,1,미설치,0,,무주택 일반,,,,,201,,4503000,75000,35.1698311,129.1178582,Google 건물번지,67,2.65001E+18,,,,,595,1,1607,1,1260,0.728,439,1,999,0.8672,723,1,233,1,632,1,864,0.9392,1044,0.8432,1512,0.5968,70,0.7821,27,0.6538,10,0.5641,17,0.6026,0,0,4,0.5385,423,0.7949,24,0.8333,102,0.7692,1,0.859,1572,215,0.1368,0.7692,0.8718,,
매입임대,,수영구,부산광역시 수영구 수영성로 21-9,부산광역시 수영구 수영성로 21-9,다세대주택,,1989,,43.38,3,4,1,미설치,0,,무주택 일반,,,,,102,,,,35.1698311,129.1178582,Google 건물번지,67,2.65001E+18,,,,,595,1,1607,1,1260,0.728,439,1,999,0.8672,723,1,233,1,632,1,864,0.9392,1044,0.8432,1512,0.5968,70,0.7821,27,0.6538,10,0.5641,17,0.6026,0,0,4,0.5385,423,0.7949,24,0.8333,102,0.7692,1,0.859,1572,215,0.1368,0.7692,0.8718,,
매입임대,수영동,수영구,부산광역시 수영구 수영성로 21-9,부산광역시 수영구 수영성로 21-9,다세대주택,,1989,,49.32,3,4,1,미설치,0,,무주택 일반,,,,,101,,4503000,75000,35.1698311,129.1178582,Google 건물번지,67,2.65001E+18,,,,,595,1,1607,1,1260,0.728,439,1,999,0.8672,723,1,233,1,632,1,864,0.9392,1044,0.8432,1512,0.5968,70,0.7821,27,0.6538,10,0.5641,17,0.6026,0,0,4,0.5385,423,0.7949,24,0.8333,102,0.7692,1,0.859,1572,215,0.1368,0.7692,0.8718,,
매입임대,광안동,수영구,부산광역시 수영구 연수로382번길 77(광안동),부산광역시 수영구 연수로382번길 77,단독주택,,1991,,53.58,3,5,1,미설치,0,,무주택 일반,,,,,101,,4610000,39000,35.1670061,129.1097721,Google 건물번지,235,2.65001E+18,,,,,545,1,1082,1,876,0.9328,533,1,2004,0.4656,627,1,468,0.9008,359,1,357,1,533,1,658,1,64,0.641,31,0.7179,15,0.859,18,0.6538,0,0,5,0.6538,372,0.6154,20,0.6154,100,0.7179,1,0.859,1438,205,0.1426,0.641,0.9487,,
매입임대,광안동,수영구,부산광역시 수영구 장대골로52번길 10(광안동),부산광역시 수영구 장대골로52번길 10,단독주택,,1991,,58.51,3,3,1,미설치,0,,무주택 일반,,,,,201,,5416000,38000,35.1599701,129.1081296,Google 건물번지,19,2.65001E+18,,,,,608,1,370,1,693,1,474,1,1008,0.8624,660,1,42,1,465,1,312,1,327,1,1092,0.8176,36,0.4359,19,0.4744,12,0.7051,15,0.4872,0,0,6,0.7949,191,0.4615,14,0.4487,67,0.3333,0,0.359,850,65,0.0765,0.4615,0.0769,,
매입임대,,수영구,부산광역시 수영구 장대골로52번길 10(광안동),부산광역시 수영구 장대골로52번길 10,단독주택,,1991,,29.41,2,3,1,미설치,0,,무주택 일반,,,,,101,,,,35.1599701,129.1081296,Google 건물번지,19,2.65001E+18,,,,,608,1,370,1,693,1,474,1,1008,0.8624,660,1,42,1,465,1,312,1,327,1,1092,0.8176,36,0.4359,19,0.4744,12,0.7051,15,0.4872,0,0,6,0.7949,191,0.4615,14,0.4487,67,0.3333,0,0.359,850,65,0.0765,0.4615,0.0769,,
매입임대,광안동,수영구,부산광역시 수영구 장대골로52번길 10(광안동),부산광역시 수영구 장대골로52번길 10,단독주택,,1991,,34.29,2,3,1,미설치,0,,무주택 일반,,,,,102,,5416000,38000,35.1599701,129.1081296,Google 건물번지,19,2.65001E+18,,,,,608,1,370,1,693,1,474,1,1008,0.8624,660,1,42,1,465,1,312,1,327,1,1092,0.8176,36,0.4359,19,0.4744,12,0.7051,15,0.4872,0,0,6,0.7949,191,0.4615,14,0.4487,67,0.3333,0,0.359,850,65,0.0765,0.4615,0.0769,,
매입임대,광안동,수영구,부산광역시 수영구 수영로665번길 21-6(광안동),부산광역시 수영구 수영로665번길 21-6,단독주택,,1991,,30.28,2,5,1,미설치,0,,무주택 일반,,,,,202,,4668000,10000,35.1651753,129.1134409,Google 건물번지,35,2.65001E+18,,,,,259,1,1262,1,489,1,824,0.9605,1838,0.5099,161,1,272,1,148,1,148,1,1026,0.8528,1116,0.8048,67,0.6667,36,0.8077,16,0.9103,17,0.6026,0,0,4,0.5385,501,0.9487,26,0.9359,114,0.8718,1,0.859,1786,240,0.1344,0.9487,0.8462,,
매입임대,광안동,수영구,부산광역시 수영구 수영로665번길 21-6(광안동),부산광역시 수영구 수영로665번길 21-6,단독주택,,1991,,63.56,3,5,1,미설치,0,,무주택 일반,,,,,201,,4668000,10000,35.1651753,129.1134409,Google 건물번지,35,2.65001E+18,,,,,259,1,1262,1,489,1,824,0.9605,1838,0.5099,161,1,272,1,148,1,148,1,1026,0.8528,1116,0.8048,67,0.6667,36,0.8077,16,0.9103,17,0.6026,0,0,4,0.5385,501,0.9487,26,0.9359,114,0.8718,1,0.859,1786,240,0.1344,0.9487,0.8462,,
매입임대,광안동,수영구,부산광역시 수영구 수영로665번길 21-6(광안동),부산광역시 수영구 수영로665번길 21-6,단독주택,,1991,,32.84,2,5,1,미설치,0,,무주택 일반,,,,,103,,4668000,10000,35.1651753,129.1134409,Google 건물번지,35,2.65001E+18,,,,,259,1,1262,1,489,1,824,0.9605,1838,0.5099,161,1,272,1,148,1,148,1,1026,0.8528,1116,0.8048,67,0.6667,36,0.8077,16,0.9103,17,0.6026,0,0,4,0.5385,501,0.9487,26,0.9359,114,0.8718,1,0.859,1786,240,0.1344,0.9487,0.8462,,
매입임대,광안동,수영구,부산광역시 수영구 수영로665번길 21-6(광안동),부산광역시 수영구 수영로665번길 21-6,단독주택,,1991,,34.61,2,5,1,미설치,0,,무주택 일반,,,,,102,,4668000,10000,35.1651753,129.1134409,Google 건물번지,35,2.65001E+18,,,,,259,1,1262,1,489,1,824,0.9605,1838,0.5099,161,1,272,1,148,1,148,1,1026,0.8528,1116,0.8048,67,0.6667,36,0.8077,16,0.9103,17,0.6026,0,0,4,0.5385,501,0.9487,26,0.9359,114,0.8718,1,0.859,1786,240,0.1344,0.9487,0.8462,,
매입임대,광안동,수영구,부산광역시 수영구 수영로665번길 21-6(광안동),부산광역시 수영구 수영로665번길 21-6,단독주택,,1991,,33.63,2,5,1,미설치,0,,무주택 일반,,,,,101,,4668000,10000,35.1651753,129.1134409,Google 건물번지,35,2.65001E+18,,,,,259,1,1262,1,489,1,824,0.9605,1838,0.5099,161,1,272,1,148,1,148,1,1026,0.8528,1116,0.8048,67,0.6667,36,0.8077,16,0.9103,17,0.6026,0,0,4,0.5385,501,0.9487,26,0.9359,114,0.8718,1,0.859,1786,240,0.1344,0.9487,0.8462,,
매입임대,광안동,수영구,부산광역시 수영구 무학로9번길 61-4(광안동),부산광역시 수영구 무학로9번길 61-4,단독주택,,1993,,86.46,4,3,1,미설치,0,,무주택 일반,,,,,201,,4385000,76000,35.164604,129.1152234,Google 건물번지,60,2.65001E+18,,,,,330,1,1390,1,449,1,905,0.9173,1766,0.5291,136,1,355,1,279,1,371,1,1092,0.8176,1339,0.6859,69,0.7179,40,1,19,0.9872,24,0.9615,0,0,6,0.7949,522,0.9744,27,0.9872,117,0.9103,1,0.859,1891,241,0.1274,0.9744,0.7436,,
매입임대,광안동,수영구,부산광역시 수영구 무학로9번길 61-4(광안동),부산광역시 수영구 무학로9번길 61-4,단독주택,,1993,,47.88,2,3,1,미설치,0,,무주택 일반,,,,,102,,4385000,76000,35.164604,129.1152234,Google 건물번지,60,2.65001E+18,,,,,330,1,1390,1,449,1,905,0.9173,1766,0.5291,136,1,355,1,279,1,371,1,1092,0.8176,1339,0.6859,69,0.7179,40,1,19,0.9872,24,0.9615,0,0,6,0.7949,522,0.9744,27,0.9872,117,0.9103,1,0.859,1891,241,0.1274,0.9744,0.7436,,
매입임대,광안동,수영구,부산광역시 수영구 무학로9번길 61-4(광안동),부산광역시 수영구 무학로9번길 61-4,단독주택,,1993,,48.96,2,3,1,미설치,0,,무주택 일반,,,,,101,,4385000,76000,35.164604,129.1152234,Google 건물번지,60,2.65001E+18,,,,,330,1,1390,1,449,1,905,0.9173,1766,0.5291,136,1,355,1,279,1,371,1,1092,0.8176,1339,0.6859,69,0.7179,40,1,19,0.9872,24,0.9615,0,0,6,0.7949,522,0.9744,27,0.9872,117,0.9103,1,0.859,1891,241,0.1274,0.9744,0.7436,,
매입임대,명성갤러리3,수영구,"부산광역시 수영구 수영로606번길 100(광안동,명성갤러리3)",부산광역시 수영구 수영로606번길 100,다세대주택,,2018,,28.1,1,19,1,설치,10,,무주택 일반,,,,,401,2,2170000,162000,35.1588173,129.1189826,Google 건물번지,160,2.65001E+18,,,,,740,1,1651,1,761,0.9941,634,1,1594,0.5749,699,1,275,1,348,1,358,1,223,1,2089,0.4429,101,1,36,0.8077,13,0.7692,24,0.9615,0,0,5,0.6538,438,0.8462,26,0.9359,97,0.6795,0,0.359,1727,196,0.1135,0.8974,0.5897,,
매입임대,명성갤러리3,수영구,"부산광역시 수영구 수영로606번길 100(광안동,명성갤러리3)",부산광역시 수영구 수영로606번길 100,다세대주택,,2018,,17.01,1,19,1,설치,10,,무주택 일반,,,,,204,2,2170000,162000,35.1588173,129.1189826,Google 건물번지,160,2.65001E+18,,,,,740,1,1651,1,761,0.9941,634,1,1594,0.5749,699,1,275,1,348,1,358,1,223,1,2089,0.4429,101,1,36,0.8077,13,0.7692,24,0.9615,0,0,5,0.6538,438,0.8462,26,0.9359,97,0.6795,0,0.359,1727,196,0.1135,0.8974,0.5897,,
매입임대,명성갤러리3,수영구,"부산광역시 수영구 수영로606번길 100(광안동,명성갤러리3)",부산광역시 수영구 수영로606번길 100,다세대주택,,2018,,17.01,1,19,1,설치,10,,무주택 일반,,,,,203,2,2170000,162000,35.1588173,129.1189826,Google 건물번지,160,2.65001E+18,,,,,740,1,1651,1,761,0.9941,634,1,1594,0.5749,699,1,275,1,348,1,358,1,223,1,2089,0.4429,101,1,36,0.8077,13,0.7692,24,0.9615,0,0,5,0.6538,438,0.8462,26,0.9359,97,0.6795,0,0.359,1727,196,0.1135,0.8974,0.5897,,
매입임대,명성갤러리3,수영구,"부산광역시 수영구 수영로606번길 100(광안동,명성갤러리3)",부산광역시 수영구 수영로606번길 100,다세대주택,,2018,,24.89,1,19,1,설치,10,,무주택 일반,,,,,202,2,2170000,162000,35.1588173,129.1189826,Google 건물번지,160,2.65001E+18,,,,,740,1,1651,1,761,0.9941,634,1,1594,0.5749,699,1,275,1,348,1,358,1,223,1,2089,0.4429,101,1,36,0.8077,13,0.7692,24,0.9615,0,0,5,0.6538,438,0.8462,26,0.9359,97,0.6795,0,0.359,1727,196,0.1135,0.8974,0.5897,,
매입임대,명성갤러리3,수영구,"부산광역시 수영구 수영로606번길 100(광안동,명성갤러리3)",부산광역시 수영구 수영로606번길 100,다세대주택,,2018,,17.01,1,19,1,설치,10,,무주택 일반,,,,,504,,6486000,41000,35.1588173,129.1189826,Google 건물번지,160,2.65001E+18,,,,,740,1,1651,1,761,0.9941,634,1,1594,0.5749,699,1,275,1,348,1,358,1,223,1,2089,0.4429,101,1,36,0.8077,13,0.7692,24,0.9615,0,0,5,0.6538,438,0.8462,26,0.9359,97,0.6795,0,0.359,1727,196,0.1135,0.8974,0.5897,,
매입임대,명성갤러리3,수영구,"부산광역시 수영구 수영로606번길 100(광안동,명성갤러리3)",부산광역시 수영구 수영로606번길 100,다세대주택,,2018,,22.59,1,19,1,설치,10,,무주택 일반,,,,,505,,6486000,41000,35.1588173,129.1189826,Google 건물번지,160,2.65001E+18,,,,,740,1,1651,1,761,0.9941,634,1,1594,0.5749,699,1,275,1,348,1,358,1,223,1,2089,0.4429,101,1,36,0.8077,13,0.7692,24,0.9615,0,0,5,0.6538,438,0.8462,26,0.9359,97,0.6795,0,0.359,1727,196,0.1135,0.8974,0.5897,,
매입임대,명성갤러리3,수영구,"부산광역시 수영구 수영로606번길 100(광안동,명성갤러리3)",부산광역시 수영구 수영로606번길 100,다세대주택,,2018,,17.01,1,19,1,설치,10,,무주택 일반,,,,,503,,6486000,41000,35.1588173,129.1189826,Google 건물번지,160,2.65001E+18,,,,,740,1,1651,1,761,0.9941,634,1,1594,0.5749,699,1,275,1,348,1,358,1,223,1,2089,0.4429,101,1,36,0.8077,13,0.7692,24,0.9615,0,0,5,0.6538,438,0.8462,26,0.9359,97,0.6795,0,0.359,1727,196,0.1135,0.8974,0.5897,,
매입임대,명성갤러리3,수영구,"부산광역시 수영구 수영로606번길 100(광안동,명성갤러리3)",부산광역시 수영구 수영로606번길 100,다세대주택,,2018,,24.89,1,19,1,설치,10,,무주택 일반,,,,,502,2,2170000,162000,35.1588173,129.1189826,Google 건물번지,160,2.65001E+18,,,,,740,1,1651,1,761,0.9941,634,1,1594,0.5749,699,1,275,1,348,1,358,1,223,1,2089,0.4429,101,1,36,0.8077,13,0.7692,24,0.9615,0,0,5,0.6538,438,0.8462,26,0.9359,97,0.6795,0,0.359,1727,196,0.1135,0.8974,0.5897,,
매입임대,명성갤러리3,수영구,"부산광역시 수영구 수영로606번길 100(광안동,명성갤러리3)",부산광역시 수영구 수영로606번길 100,다세대주택,,2018,,28.1,1,19,1,설치,10,,무주택 일반,,,,,501,2,2170000,162000,35.1588173,129.1189826,Google 건물번지,160,2.65001E+18,,,,,740,1,1651,1,761,0.9941,634,1,1594,0.5749,699,1,275,1,348,1,358,1,223,1,2089,0.4429,101,1,36,0.8077,13,0.7692,24,0.9615,0,0,5,0.6538,438,0.8462,26,0.9359,97,0.6795,0,0.359,1727,196,0.1135,0.8974,0.5897,,
매입임대,명성갤러리3,수영구,"부산광역시 수영구 수영로606번길 100(광안동,명성갤러리3)",부산광역시 수영구 수영로606번길 100,다세대주택,,2018,,15.21,1,19,1,설치,10,,무주택 일반,,,,,405,2,2170000,162000,35.1588173,129.1189826,Google 건물번지,160,2.65001E+18,,,,,740,1,1651,1,761,0.9941,634,1,1594,0.5749,699,1,275,1,348,1,358,1,223,1,2089,0.4429,101,1,36,0.8077,13,0.7692,24,0.9615,0,0,5,0.6538,438,0.8462,26,0.9359,97,0.6795,0,0.359,1727,196,0.1135,0.8974,0.5897,,
매입임대,명성갤러리3,수영구,"부산광역시 수영구 수영로606번길 100(광안동,명성갤러리3)",부산광역시 수영구 수영로606번길 100,다세대주택,,2018,,17.01,1,19,1,설치,10,,무주택 일반,,,,,404,2,2170000,162000,35.1588173,129.1189826,Google 건물번지,160,2.65001E+18,,,,,740,1,1651,1,761,0.9941,634,1,1594,0.5749,699,1,275,1,348,1,358,1,223,1,2089,0.4429,101,1,36,0.8077,13,0.7692,24,0.9615,0,0,5,0.6538,438,0.8462,26,0.9359,97,0.6795,0,0.359,1727,196,0.1135,0.8974,0.5897,,
매입임대,명성갤러리3,수영구,"부산광역시 수영구 수영로606번길 100(광안동,명성갤러리3)",부산광역시 수영구 수영로606번길 100,다세대주택,,2018,,17.01,1,19,1,설치,10,,무주택 일반,,,,,403,2,2170000,162000,35.1588173,129.1189826,Google 건물번지,160,2.65001E+18,,,,,740,1,1651,1,761,0.9941,634,1,1594,0.5749,699,1,275,1,348,1,358,1,223,1,2089,0.4429,101,1,36,0.8077,13,0.7692,24,0.9615,0,0,5,0.6538,438,0.8462,26,0.9359,97,0.6795,0,0.359,1727,196,0.1135,0.8974,0.5897,,
매입임대,명성갤러리3,수영구,"부산광역시 수영구 수영로606번길 100(광안동,명성갤러리3)",부산광역시 수영구 수영로606번길 100,다세대주택,,2018,,24.89,1,19,1,설치,10,,무주택 일반,,,,,402,2,2170000,162000,35.1588173,129.1189826,Google 건물번지,160,2.65001E+18,,,,,740,1,1651,1,761,0.9941,634,1,1594,0.5749,699,1,275,1,348,1,358,1,223,1,2089,0.4429,101,1,36,0.8077,13,0.7692,24,0.9615,0,0,5,0.6538,438,0.8462,26,0.9359,97,0.6795,0,0.359,1727,196,0.1135,0.8974,0.5897,,
매입임대,명성갤러리3,수영구,"부산광역시 수영구 수영로606번길 100(광안동,명성갤러리3)",부산광역시 수영구 수영로606번길 100,다세대주택,,2018,,15.21,1,19,1,설치,10,,무주택 일반,,,,,305,2,2170000,162000,35.1588173,129.1189826,Google 건물번지,160,2.65001E+18,,,,,740,1,1651,1,761,0.9941,634,1,1594,0.5749,699,1,275,1,348,1,358,1,223,1,2089,0.4429,101,1,36,0.8077,13,0.7692,24,0.9615,0,0,5,0.6538,438,0.8462,26,0.9359,97,0.6795,0,0.359,1727,196,0.1135,0.8974,0.5897,,
매입임대,명성갤러리3,수영구,"부산광역시 수영구 수영로606번길 100(광안동,명성갤러리3)",부산광역시 수영구 수영로606번길 100,다세대주택,,2018,,17.01,1,19,1,설치,10,,무주택 일반,,,,,304,2,2170000,162000,35.1588173,129.1189826,Google 건물번지,160,2.65001E+18,,,,,740,1,1651,1,761,0.9941,634,1,1594,0.5749,699,1,275,1,348,1,358,1,223,1,2089,0.4429,101,1,36,0.8077,13,0.7692,24,0.9615,0,0,5,0.6538,438,0.8462,26,0.9359,97,0.6795,0,0.359,1727,196,0.1135,0.8974,0.5897,,
매입임대,명성갤러리3,수영구,"부산광역시 수영구 수영로606번길 100(광안동,명성갤러리3)",부산광역시 수영구 수영로606번길 100,다세대주택,,2018,,17.01,1,19,1,설치,10,,무주택 일반,,,,,303,2,2170000,162000,35.1588173,129.1189826,Google 건물번지,160,2.65001E+18,,,,,740,1,1651,1,761,0.9941,634,1,1594,0.5749,699,1,275,1,348,1,358,1,223,1,2089,0.4429,101,1,36,0.8077,13,0.7692,24,0.9615,0,0,5,0.6538,438,0.8462,26,0.9359,97,0.6795,0,0.359,1727,196,0.1135,0.8974,0.5897,,
매입임대,명성갤러리3,수영구,"부산광역시 수영구 수영로606번길 100(광안동,명성갤러리3)",부산광역시 수영구 수영로606번길 100,다세대주택,,2018,,24.89,1,19,1,설치,10,,무주택 일반,,,,,302,2,2170000,162000,35.1588173,129.1189826,Google 건물번지,160,2.65001E+18,,,,,740,1,1651,1,761,0.9941,634,1,1594,0.5749,699,1,275,1,348,1,358,1,223,1,2089,0.4429,101,1,36,0.8077,13,0.7692,24,0.9615,0,0,5,0.6538,438,0.8462,26,0.9359,97,0.6795,0,0.359,1727,196,0.1135,0.8974,0.5897,,
매입임대,명성갤러리3,수영구,"부산광역시 수영구 수영로606번길 100(광안동,명성갤러리3)",부산광역시 수영구 수영로606번길 100,다세대주택,,2018,,28.1,1,19,1,설치,10,,무주택 일반,,,,,301,2,2170000,162000,35.1588173,129.1189826,Google 건물번지,160,2.65001E+18,,,,,740,1,1651,1,761,0.9941,634,1,1594,0.5749,699,1,275,1,348,1,358,1,223,1,2089,0.4429,101,1,36,0.8077,13,0.7692,24,0.9615,0,0,5,0.6538,438,0.8462,26,0.9359,97,0.6795,0,0.359,1727,196,0.1135,0.8974,0.5897,,
매입임대,명성갤러리3,수영구,"부산광역시 수영구 수영로606번길 100(광안동,명성갤러리3)",부산광역시 수영구 수영로606번길 100,다세대주택,,2018,,15.21,1,19,1,설치,10,,무주택 일반,,,,,205,2,2170000,162000,35.1588173,129.1189826,Google 건물번지,160,2.65001E+18,,,,,740,1,1651,1,761,0.9941,634,1,1594,0.5749,699,1,275,1,348,1,358,1,223,1,2089,0.4429,101,1,36,0.8077,13,0.7692,24,0.9615,0,0,5,0.6538,438,0.8462,26,0.9359,97,0.6795,0,0.359,1727,196,0.1135,0.8974,0.5897,,
매입임대,명성갤러리3,수영구,"부산광역시 수영구 수영로606번길 100(광안동,명성갤러리3)",부산광역시 수영구 수영로606번길 100,다세대주택,,2018,,28.1,1,19,1,설치,10,,무주택 일반,,,,,201,2,2170000,162000,35.1588173,129.1189826,Google 건물번지,160,2.65001E+18,,,,,740,1,1651,1,761,0.9941,634,1,1594,0.5749,699,1,275,1,348,1,358,1,223,1,2089,0.4429,101,1,36,0.8077,13,0.7692,24,0.9615,0,0,5,0.6538,438,0.8462,26,0.9359,97,0.6795,0,0.359,1727,196,0.1135,0.8974,0.5897,,
매입임대,망미동,수영구,부산광역시 수영구 망미번영로63번길 20-6(망미동),부산광역시 수영구 망미번영로63번길 20-6,단독주택,,1995,,70.2,2,4,1,미설치,0,,무주택 일반,,,,,202,,4325000,28000,35.1737783,129.1101066,Google 건물번지,178,2.65001E+18,,,,,1120,1,613,1,918,0.9104,641,1,1624,0.5669,257,1,283,1,236,1,619,1,1011,0.8608,1207,0.7563,37,0.5,24,0.5641,7,0.4359,20,0.7692,0,0,1,0.1795,281,0.5641,16,0.5385,117,0.9103,0,0.359,1200,121,0.1008,0.5385,0.5385,,
매입임대,망미동,수영구,부산광역시 수영구 망미번영로63번길 20-6(망미동),부산광역시 수영구 망미번영로63번길 20-6,단독주택,,1995,,19.6,1,4,1,미설치,0,,무주택 일반,,,,,201,,4325000,28000,35.1737783,129.1101066,Google 건물번지,178,2.65001E+18,,,,,1120,1,613,1,918,0.9104,641,1,1624,0.5669,257,1,283,1,236,1,619,1,1011,0.8608,1207,0.7563,37,0.5,24,0.5641,7,0.4359,20,0.7692,0,0,1,0.1795,281,0.5641,16,0.5385,117,0.9103,0,0.359,1200,121,0.1008,0.5385,0.5385,,
매입임대,망미동,수영구,부산광역시 수영구 망미번영로63번길 20-6(망미동),부산광역시 수영구 망미번영로63번길 20-6,단독주택,,1995,,46.87,2,4,1,미설치,0,,무주택 일반,,,,,102,,4325000,28000,35.1737783,129.1101066,Google 건물번지,178,2.65001E+18,,,,,1120,1,613,1,918,0.9104,641,1,1624,0.5669,257,1,283,1,236,1,619,1,1011,0.8608,1207,0.7563,37,0.5,24,0.5641,7,0.4359,20,0.7692,0,0,1,0.1795,281,0.5641,16,0.5385,117,0.9103,0,0.359,1200,121,0.1008,0.5385,0.5385,,
매입임대,망미동,수영구,부산광역시 수영구 망미번영로63번길 20-6(망미동),부산광역시 수영구 망미번영로63번길 20-6,단독주택,,1995,,58.23,3,4,1,미설치,0,,무주택 일반,,,,,101,,4325000,28000,35.1737783,129.1101066,Google 건물번지,178,2.65001E+18,,,,,1120,1,613,1,918,0.9104,641,1,1624,0.5669,257,1,283,1,236,1,619,1,1011,0.8608,1207,0.7563,37,0.5,24,0.5641,7,0.4359,20,0.7692,0,0,1,0.1795,281,0.5641,16,0.5385,117,0.9103,0,0.359,1200,121,0.1008,0.5385,0.5385,,
매입임대,,수영구,부산광역시 수영구 과정로91번가길 9-4(망미동),부산광역시 수영구 과정로91번가길 9-4,단독주택,,1987,,63.06,3,3,1,미설치,0,,무주택 일반,,,,,201,,,,35.1799975,129.1052049,Google 건물번지,16,2.65001E+18,,,,,2178,1,864,1,322,1,479,1,1493,0.6037,1232,0.7429,74,1,152,1,490,1,753,0.9984,529,1,12,0.0897,9,0.0897,4,0.1795,6,0.0897,0,0,1,0.1795,86,0.1282,7,0.1282,45,0.1667,0,0.359,408,35,0.0858,0.1282,0.2308,,
매입임대,망미동,수영구,부산광역시 수영구 과정로91번가길 9-4(망미동),부산광역시 수영구 과정로91번가길 9-4,단독주택,,1987,,39.54,2,3,1,미설치,0,,무주택 일반,,,,,102,,2000000,20000,35.1799975,129.1052049,Google 건물번지,16,2.65001E+18,,,,,2178,1,864,1,322,1,479,1,1493,0.6037,1232,0.7429,74,1,152,1,490,1,753,0.9984,529,1,12,0.0897,9,0.0897,4,0.1795,6,0.0897,0,0,1,0.1795,86,0.1282,7,0.1282,45,0.1667,0,0.359,408,35,0.0858,0.1282,0.2308,,
매입임대,망미동,수영구,부산광역시 수영구 과정로91번가길 9-4(망미동),부산광역시 수영구 과정로91번가길 9-4,단독주택,,1987,,36.53,2,3,1,미설치,0,,무주택 일반,,,,,101,,2000000,20000,35.1799975,129.1052049,Google 건물번지,16,2.65001E+18,,,,,2178,1,864,1,322,1,479,1,1493,0.6037,1232,0.7429,74,1,152,1,490,1,753,0.9984,529,1,12,0.0897,9,0.0897,4,0.1795,6,0.0897,0,0,1,0.1795,86,0.1282,7,0.1282,45,0.1667,0,0.359,408,35,0.0858,0.1282,0.2308,,
매입임대,망미동,수영구,부산광역시 수영구 과정로91번가길 9-6(망미동),부산광역시 수영구 과정로91번가길 9-6,단독주택,,1988,,55.8,3,3,1,미설치,0,,무주택 일반,,,,,201,,2833000,29000,35.1799967,129.1050677,Google 건물번지,42,2.65001E+18,,,,,2186,1,861,1,332,1,495,1,1501,0.5997,1243,0.7371,89,1,166,1,478,1,758,0.9957,515,1,12,0.0897,9,0.0897,4,0.1795,6,0.0897,0,0,1,0.1795,86,0.1282,7,0.1282,45,0.1667,0,0.359,405,35,0.0864,0.1026,0.2564,,
매입임대,망미동,수영구,부산광역시 수영구 과정로91번가길 9-6(망미동),부산광역시 수영구 과정로91번가길 9-6,단독주택,,1988,,30.55,2,3,1,미설치,0,,무주택 일반,,,,,102,,2833000,29000,35.1799967,129.1050677,Google 건물번지,42,2.65001E+18,,,,,2186,1,861,1,332,1,495,1,1501,0.5997,1243,0.7371,89,1,166,1,478,1,758,0.9957,515,1,12,0.0897,9,0.0897,4,0.1795,6,0.0897,0,0,1,0.1795,86,0.1282,7,0.1282,45,0.1667,0,0.359,405,35,0.0864,0.1026,0.2564,,
매입임대,망미동,수영구,부산광역시 수영구 과정로91번가길 9-6(망미동),부산광역시 수영구 과정로91번가길 9-6,단독주택,,1988,,35.15,2,3,1,미설치,0,,무주택 일반,,,,,101,,2833000,29000,35.1799967,129.1050677,Google 건물번지,42,2.65001E+18,,,,,2186,1,861,1,332,1,495,1,1501,0.5997,1243,0.7371,89,1,166,1,478,1,758,0.9957,515,1,12,0.0897,9,0.0897,4,0.1795,6,0.0897,0,0,1,0.1795,86,0.1282,7,0.1282,45,0.1667,0,0.359,405,35,0.0864,0.1026,0.2564,,
매입임대,,수영구,부산광역시 수영구 과정로91번가길 13-3(망미동),부산광역시 수영구 과정로91번가길 13-3,단독주택,,1987,,32.09,2,3,1,미설치,0,,무주택 일반,,,,,102,,,,35.1800845,129.1052074,Google 건물번지,43,2.65001E+18,,,,,2189,1,851,1,312,1,481,1,1482,0.6096,1241,0.7381,79,1,145,1,499,1,749,1,536,1,12,0.0897,9,0.0897,4,0.1795,6,0.0897,0,0,1,0.1795,86,0.1282,7,0.1282,44,0.1282,0,0.359,403,35,0.0868,0.0769,0.3077,,
매입임대,망미동,수영구,부산광역시 수영구 과정로91번가길 13-3(망미동),부산광역시 수영구 과정로91번가길 13-3,단독주택,,1987,,34.7,2,3,1,미설치,0,,무주택 일반,,,,,101,,2430000,27000,35.1800845,129.1052074,Google 건물번지,43,2.65001E+18,,,,,2189,1,851,1,312,1,481,1,1482,0.6096,1241,0.7381,79,1,145,1,499,1,749,1,536,1,12,0.0897,9,0.0897,4,0.1795,6,0.0897,0,0,1,0.1795,86,0.1282,7,0.1282,44,0.1282,0,0.359,403,35,0.0868,0.0769,0.3077,,
매입임대,,수영구,부산광역시 수영구 과정로91번가길 13-3(망미동),부산광역시 수영구 과정로91번가길 13-3,단독주택,,1987,,62.64,3,3,1,미설치,0,,무주택 일반,,,,,201,,,,35.1800845,129.1052074,Google 건물번지,43,2.65001E+18,,,,,2189,1,851,1,312,1,481,1,1482,0.6096,1241,0.7381,79,1,145,1,499,1,749,1,536,1,12,0.0897,9,0.0897,4,0.1795,6,0.0897,0,0,1,0.1795,86,0.1282,7,0.1282,44,0.1282,0,0.359,403,35,0.0868,0.0769,0.3077,,
매입임대,망미동,수영구,부산광역시 수영구 연수로260번길 22-16(망미동),부산광역시 수영구 연수로260번길 22-16,단독주택,,1992,,74.22,2,3,1,미설치,0,,무주택 일반,,,,,201,,3752000,27000,35.1723325,129.0985807,Google 건물번지,34,2.65001E+18,,,,,2023,1,761,1,1669,0.5549,744,1,1987,0.4701,398,1,270,1,514,1,715,1,489,1,539,1,18,0.1538,9,0.0897,0,0.0256,12,0.2564,0,0,2,0.359,64,0.0256,6,0.0385,47,0.2051,0,0.359,420,34,0.081,0.1795,0.1282,,
매입임대,망미동,수영구,부산광역시 수영구 연수로260번길 22-16(망미동),부산광역시 수영구 연수로260번길 22-16,단독주택,,1992,,42.21,2,3,1,미설치,0,,무주택 일반,,,,,101,,3752000,27000,35.1723325,129.0985807,Google 건물번지,34,2.65001E+18,,,,,2023,1,761,1,1669,0.5549,744,1,1987,0.4701,398,1,270,1,514,1,715,1,489,1,539,1,18,0.1538,9,0.0897,0,0.0256,12,0.2564,0,0,2,0.359,64,0.0256,6,0.0385,47,0.2051,0,0.359,420,34,0.081,0.1795,0.1282,,
매입임대,망미동,수영구,부산광역시 수영구 연수로260번길 22-16(망미동),부산광역시 수영구 연수로260번길 22-16,단독주택,,1992,,47.4,2,3,1,미설치,0,,무주택 일반,,,,,102,,3752000,27000,35.1723325,129.0985807,Google 건물번지,34,2.65001E+18,,,,,2023,1,761,1,1669,0.5549,744,1,1987,0.4701,398,1,270,1,514,1,715,1,489,1,539,1,18,0.1538,9,0.0897,0,0.0256,12,0.2564,0,0,2,0.359,64,0.0256,6,0.0385,47,0.2051,0,0.359,420,34,0.081,0.1795,0.1282,,
매입임대,망미동,수영구,부산광역시 수영구 토곡남로34번길 5(망미동),부산광역시 수영구 토곡남로34번길 5,단독주택,,1991,,79.44,4,3,1,미설치,0,,무주택 일반,,,,,201,,2787000,39000,35.180673,129.1036934,Google 건물번지,837,2.65001E+18,,,,,2243,1,756,1,396,1,672,1,1511,0.5971,1402,0.6523,177,1,302,1,476,1,592,1,459,1,11,0.0256,9,0.0897,4,0.1795,4,0.0256,0,0,1,0.1795,76,0.0513,7,0.1282,39,0.0513,0,0.359,351,31,0.0883,0.0256,0.359,,
매입임대,망미동,수영구,부산광역시 수영구 토곡남로34번길 5(망미동),부산광역시 수영구 토곡남로34번길 5,단독주택,,1991,,44.46,2,3,1,미설치,0,,무주택 일반,,,,,102,,2787000,39000,35.180673,129.1036934,Google 건물번지,837,2.65001E+18,,,,,2243,1,756,1,396,1,672,1,1511,0.5971,1402,0.6523,177,1,302,1,476,1,592,1,459,1,11,0.0256,9,0.0897,4,0.1795,4,0.0256,0,0,1,0.1795,76,0.0513,7,0.1282,39,0.0513,0,0.359,351,31,0.0883,0.0256,0.359,,
매입임대,망미동,수영구,부산광역시 수영구 토곡남로34번길 5(망미동),부산광역시 수영구 토곡남로34번길 5,단독주택,,1991,,38.97,2,3,1,미설치,0,,무주택 일반,,,,,101,,2787000,39000,35.180673,129.1036934,Google 건물번지,837,2.65001E+18,,,,,2243,1,756,1,396,1,672,1,1511,0.5971,1402,0.6523,177,1,302,1,476,1,592,1,459,1,11,0.0256,9,0.0897,4,0.1795,4,0.0256,0,0,1,0.1795,76,0.0513,7,0.1282,39,0.0513,0,0.359,351,31,0.0883,0.0256,0.359,,
매입임대,망미동,수영구,부산광역시 수영구 망미로8번길 96-1(망미동),부산광역시 수영구 망미로8번길 96-1,단독주택,,1995,,48.96,2,3,1,미설치,0,,무주택 일반,,,,,102,,4540000,60000,35.1727505,129.1000348,Google 건물번지,278,2.65001E+18,,,,,1893,1,582,1,1525,0.5933,563,1,2022,0.4608,542,1,280,1,555,1,721,1,498,1,684,1,22,0.2179,10,0.1923,1,0.0513,15,0.4872,0,0,2,0.359,109,0.2051,11,0.3077,65,0.3077,0,0.359,605,53,0.0876,0.2308,0.3333,,
매입임대,,수영구,부산광역시 수영구 망미로8번길 96-1(망미동),부산광역시 수영구 망미로8번길 96-1,단독주택,,1995,,48.96,2,3,1,미설치,0,,무주택 일반,,,,,101,,,,35.1727505,129.1000348,Google 건물번지,278,2.65001E+18,,,,,1893,1,582,1,1525,0.5933,563,1,2022,0.4608,542,1,280,1,555,1,721,1,498,1,684,1,22,0.2179,10,0.1923,1,0.0513,15,0.4872,0,0,2,0.359,109,0.2051,11,0.3077,65,0.3077,0,0.359,605,53,0.0876,0.2308,0.3333,,
매입임대,망미동,수영구,부산광역시 수영구 망미로8번길 96-1(망미동),부산광역시 수영구 망미로8번길 96-1,단독주택,,1995,,79.02,3,3,1,미설치,0,,무주택 일반,,,,,201,,4540000,60000,35.1727505,129.1000348,Google 건물번지,278,2.65001E+18,,,,,1893,1,582,1,1525,0.5933,563,1,2022,0.4608,542,1,280,1,555,1,721,1,498,1,684,1,22,0.2179,10,0.1923,1,0.0513,15,0.4872,0,0,2,0.359,109,0.2051,11,0.3077,65,0.3077,0,0.359,605,53,0.0876,0.2308,0.3333,,
매입임대,망미동,수영구,부산광역시 수영구 과정로61번길 61-3(망미동),부산광역시 수영구 과정로61번길 61-3,단독주택,,1991,,53.38,3,3,1,미설치,0,,무주택 일반,,,,,201,,3789000,58000,35.1763689,129.1034406,Google 건물번지,121,2.65001E+18,,,,,1882,1,457,1,878,0.9317,402,1,1908,0.4912,880,0.9307,207,1,693,1,217,1,676,1,354,1,28,0.2949,15,0.3846,4,0.1795,15,0.4872,0,0,3,0.4359,160,0.359,13,0.3974,81,0.5256,0,0.359,825,76,0.0921,0.359,0.4359,,
매입임대,,수영구,부산광역시 수영구 과정로61번길 61-3(망미동),부산광역시 수영구 과정로61번길 61-3,단독주택,,1991,,39.35,2,3,1,미설치,0,,무주택 일반,,,,,102,,,,35.1763689,129.1034406,Google 건물번지,121,2.65001E+18,,,,,1882,1,457,1,878,0.9317,402,1,1908,0.4912,880,0.9307,207,1,693,1,217,1,676,1,354,1,28,0.2949,15,0.3846,4,0.1795,15,0.4872,0,0,3,0.4359,160,0.359,13,0.3974,81,0.5256,0,0.359,825,76,0.0921,0.359,0.4359,,
매입임대,,수영구,부산광역시 수영구 과정로61번길 61-3(망미동),부산광역시 수영구 과정로61번길 61-3,단독주택,,1991,,30.92,2,3,1,미설치,0,,무주택 일반,,,,,101,,,,35.1763689,129.1034406,Google 건물번지,121,2.65001E+18,,,,,1882,1,457,1,878,0.9317,402,1,1908,0.4912,880,0.9307,207,1,693,1,217,1,676,1,354,1,28,0.2949,15,0.3846,4,0.1795,15,0.4872,0,0,3,0.4359,160,0.359,13,0.3974,81,0.5256,0,0.359,825,76,0.0921,0.359,0.4359,,
매입임대,망미동,수영구,부산광역시 수영구 수미로25번길 55(망미동),부산광역시 수영구 수미로25번길 55,단독주택,,1991,,78.59,3,3,1,미설치,0,,무주택 일반,,,,,201,,5289000,69000,35.1763083,129.1140548,Google 건물번지,142,2.65001E+18,,,,,1363,1,1152,1,355,1,734,1,1149,0.7872,432,1,515,0.8507,356,1,91,1,835,0.9547,1520,0.5947,33,0.359,13,0.2436,5,0.3205,14,0.359,0,0,1,0.1795,188,0.4231,13,0.3974,72,0.3846,0,0.359,843,73,0.0866,0.4359,0.2821,,
매입임대,망미동,수영구,부산광역시 수영구 수미로25번길 55(망미동),부산광역시 수영구 수미로25번길 55,단독주택,,1991,,40.58,2,3,1,미설치,0,,무주택 일반,,,,,102,,5289000,69000,35.1763083,129.1140548,Google 건물번지,142,2.65001E+18,,,,,1363,1,1152,1,355,1,734,1,1149,0.7872,432,1,515,0.8507,356,1,91,1,835,0.9547,1520,0.5947,33,0.359,13,0.2436,5,0.3205,14,0.359,0,0,1,0.1795,188,0.4231,13,0.3974,72,0.3846,0,0.359,843,73,0.0866,0.4359,0.2821,,
매입임대,망미동,수영구,부산광역시 수영구 수미로25번길 55(망미동),부산광역시 수영구 수미로25번길 55,단독주택,,1991,,41.53,2,3,1,미설치,0,,무주택 일반,,,,,101,,5289000,69000,35.1763083,129.1140548,Google 건물번지,142,2.65001E+18,,,,,1363,1,1152,1,355,1,734,1,1149,0.7872,432,1,515,0.8507,356,1,91,1,835,0.9547,1520,0.5947,33,0.359,13,0.2436,5,0.3205,14,0.359,0,0,1,0.1795,188,0.4231,13,0.3974,72,0.3846,0,0.359,843,73,0.0866,0.4359,0.2821,,
매입임대,망미동,수영구,부산광역시 수영구 과정로73번길 18(망미동),부산광역시 수영구 과정로73번길 18,단독주택,,1992,,68.28,4,5,1,미설치,1,,무주택 일반,,,,,301,,3847000,46000,35.1779489,129.1055923,Google 건물번지,55,2.65001E+18,,,,,1904,1,655,1,577,1,489,1,1734,0.5376,959,0.8885,270,1,390,1,392,1,855,0.944,502,1,23,0.2564,14,0.3205,4,0.1795,14,0.359,0,0,1,0.1795,135,0.2821,8,0.2051,73,0.4231,0,0.359,672,65,0.0967,0.2821,0.5128,,
매입임대,망미동,수영구,부산광역시 수영구 과정로73번길 18(망미동),부산광역시 수영구 과정로73번길 18,단독주택,,1992,,43.5,2,5,1,미설치,1,,무주택 일반,,,,,202,,3847000,46000,35.1779489,129.1055923,Google 건물번지,55,2.65001E+18,,,,,1904,1,655,1,577,1,489,1,1734,0.5376,959,0.8885,270,1,390,1,392,1,855,0.944,502,1,23,0.2564,14,0.3205,4,0.1795,14,0.359,0,0,1,0.1795,135,0.2821,8,0.2051,73,0.4231,0,0.359,672,65,0.0967,0.2821,0.5128,,
매입임대,,수영구,부산광역시 수영구 과정로73번길 18(망미동),부산광역시 수영구 과정로73번길 18,단독주택,,1992,,45,2,5,1,미설치,1,,무주택 일반,,,,,101,,,,35.1779489,129.1055923,Google 건물번지,55,2.65001E+18,,,,,1904,1,655,1,577,1,489,1,1734,0.5376,959,0.8885,270,1,390,1,392,1,855,0.944,502,1,23,0.2564,14,0.3205,4,0.1795,14,0.359,0,0,1,0.1795,135,0.2821,8,0.2051,73,0.4231,0,0.359,672,65,0.0967,0.2821,0.5128,,
매입임대,망미동,수영구,부산광역시 수영구 과정로73번길 18(망미동),부산광역시 수영구 과정로73번길 18,단독주택,,1992,,45,2,5,1,미설치,1,,무주택 일반,,,,,102,,3847000,46000,35.1779489,129.1055923,Google 건물번지,55,2.65001E+18,,,,,1904,1,655,1,577,1,489,1,1734,0.5376,959,0.8885,270,1,390,1,392,1,855,0.944,502,1,23,0.2564,14,0.3205,4,0.1795,14,0.359,0,0,1,0.1795,135,0.2821,8,0.2051,73,0.4231,0,0.359,672,65,0.0967,0.2821,0.5128,,
매입임대,망미동,수영구,부산광역시 수영구 과정로73번길 18(망미동),부산광역시 수영구 과정로73번길 18,단독주택,,1992,,41.56,2,5,1,미설치,1,,무주택 일반,,,,,201,,3847000,46000,35.1779489,129.1055923,Google 건물번지,55,2.65001E+18,,,,,1904,1,655,1,577,1,489,1,1734,0.5376,959,0.8885,270,1,390,1,392,1,855,0.944,502,1,23,0.2564,14,0.3205,4,0.1795,14,0.359,0,0,1,0.1795,135,0.2821,8,0.2051,73,0.4231,0,0.359,672,65,0.0967,0.2821,0.5128,,
매입임대,망미동,수영구,부산광역시 수영구 과정로61번길 11-1(망미동),부산광역시 수영구 과정로61번길 11-1,단독주택,,1992,,38.33,2,3,1,미설치,0,,무주택 일반,,,,,102,,6256000,54000,35.1766734,129.1061055,Google 건물번지,126,2.65001E+18,,,,,1718,1,487,1,748,1,452,1,1882,0.4981,766,0.9915,453,0.9168,565,1,466,1,939,0.8992,600,1,37,0.5,17,0.4359,4,0.1795,19,0.7051,0,0,1,0.1795,166,0.3846,12,0.3462,82,0.5641,0,0.359,841,76,0.0904,0.4103,0.3846,,
매입임대,망미동,수영구,부산광역시 수영구 과정로61번길 11-1(망미동),부산광역시 수영구 과정로61번길 11-1,단독주택,,1992,,109.65,5,3,1,미설치,0,,무주택 일반,,,,,201,,6256000,54000,35.1766734,129.1061055,Google 건물번지,126,2.65001E+18,,,,,1718,1,487,1,748,1,452,1,1882,0.4981,766,0.9915,453,0.9168,565,1,466,1,939,0.8992,600,1,37,0.5,17,0.4359,4,0.1795,19,0.7051,0,0,1,0.1795,166,0.3846,12,0.3462,82,0.5641,0,0.359,841,76,0.0904,0.4103,0.3846,,
매입임대,망미동,수영구,부산광역시 수영구 과정로61번길 11-1(망미동),부산광역시 수영구 과정로61번길 11-1,단독주택,,1992,,38.33,2,3,1,미설치,0,,무주택 일반,,,,,101,,6256000,54000,35.1766734,129.1061055,Google 건물번지,126,2.65001E+18,,,,,1718,1,487,1,748,1,452,1,1882,0.4981,766,0.9915,453,0.9168,565,1,466,1,939,0.8992,600,1,37,0.5,17,0.4359,4,0.1795,19,0.7051,0,0,1,0.1795,166,0.3846,12,0.3462,82,0.5641,0,0.359,841,76,0.0904,0.4103,0.3846,,
매입임대,망미동,수영구,부산광역시 수영구 망미배산로24번길 127(망미동),부산광역시 수영구 망미배산로24번길 127,단독주택,,1987,,71.24,3,3,1,미설치,0,,무주택 일반,,,,,201,,3550000,40000,35.1798001,129.104481,Google 건물번지,17,2.65001E+18,,,,,2198,1,882,1,397,1,562,1,1561,0.5837,1252,0.7323,155,1,239,1,412,1,746,1,442,1,12,0.0897,9,0.0897,4,0.1795,6,0.0897,0,0,1,0.1795,85,0.0769,7,0.1282,48,0.2308,0,0.359,416,35,0.0841,0.1538,0.2051,,
매입임대,망미동,수영구,부산광역시 수영구 망미배산로24번길 127(망미동),부산광역시 수영구 망미배산로24번길 127,단독주택,,1987,,37.83,2,3,1,미설치,0,,무주택 일반,,,,,102,,3550000,40000,35.1798001,129.104481,Google 건물번지,17,2.65001E+18,,,,,2198,1,882,1,397,1,562,1,1561,0.5837,1252,0.7323,155,1,239,1,412,1,746,1,442,1,12,0.0897,9,0.0897,4,0.1795,6,0.0897,0,0,1,0.1795,85,0.0769,7,0.1282,48,0.2308,0,0.359,416,35,0.0841,0.1538,0.2051,,
매입임대,망미동,수영구,부산광역시 수영구 망미배산로24번길 127(망미동),부산광역시 수영구 망미배산로24번길 127,단독주택,,1987,,41.72,2,3,1,미설치,0,,무주택 일반,,,,,101,,3550000,40000,35.1798001,129.104481,Google 건물번지,17,2.65001E+18,,,,,2198,1,882,1,397,1,562,1,1561,0.5837,1252,0.7323,155,1,239,1,412,1,746,1,442,1,12,0.0897,9,0.0897,4,0.1795,6,0.0897,0,0,1,0.1795,85,0.0769,7,0.1282,48,0.2308,0,0.359,416,35,0.0841,0.1538,0.2051,,
매입임대,망미동,수영구,부산광역시 수영구 망미배산로70번길 31-9(망미동),부산광역시 수영구 망미배산로70번길 31-9,단독주택,,1988,,79.18,4,3,1,미설치,0,,무주택 일반,,,,,201,,5648000,85000,35.1755896,129.0999605,Google 건물번지,53,2.65001E+18,,,,,2115,1,661,1,1201,0.7595,613,1,1689,0.5496,600,1,113,1,361,1,393,1,260,1,398,1,22,0.2179,14,0.3205,4,0.1795,14,0.359,0,0,3,0.4359,127,0.2564,12,0.3462,76,0.4615,0,0.359,692,63,0.091,0.3077,0.4103,,
매입임대,,수영구,부산광역시 수영구 망미배산로70번길 31-9(망미동),부산광역시 수영구 망미배산로70번길 31-9,단독주택,,1988,,42,2,3,1,미설치,0,,무주택 일반,,,,,102,,,,35.1755896,129.0999605,Google 건물번지,53,2.65001E+18,,,,,2115,1,661,1,1201,0.7595,613,1,1689,0.5496,600,1,113,1,361,1,393,1,260,1,398,1,22,0.2179,14,0.3205,4,0.1795,14,0.359,0,0,3,0.4359,127,0.2564,12,0.3462,76,0.4615,0,0.359,692,63,0.091,0.3077,0.4103,,
매입임대,,수영구,부산광역시 수영구 망미배산로70번길 31-9(망미동),부산광역시 수영구 망미배산로70번길 31-9,단독주택,,1988,,50.93,3,3,1,미설치,0,,무주택 일반,,,,,101,,,,35.1755896,129.0999605,Google 건물번지,53,2.65001E+18,,,,,2115,1,661,1,1201,0.7595,613,1,1689,0.5496,600,1,113,1,361,1,393,1,260,1,398,1,22,0.2179,14,0.3205,4,0.1795,14,0.359,0,0,3,0.4359,127,0.2564,12,0.3462,76,0.4615,0,0.359,692,63,0.091,0.3077,0.4103,,
매입임대,,수영구,부산광역시 수영구 광일로 79-7(광안동),부산광역시 수영구 광일로 79-7,다세대주택,,1988,,71.83,3,4,1,미설치,0,,무주택 일반,,,,,201,,,,35.1628911,129.1055163,Google 건물번지,110,2.65001E+18,,,,,950,1,455,1,965,0.8853,804,0.9712,1442,0.6309,1147,0.7883,339,1,74,1,698,1,263,1,592,1,21,0.1795,10,0.1923,6,0.3846,7,0.1667,0,0,3,0.4359,102,0.1795,6,0.0385,43,0.1026,0,0.359,394,32,0.0812,0.0513,0.1538,,
매입임대,,수영구,부산광역시 수영구 광일로 79-7(광안동),부산광역시 수영구 광일로 79-7,다세대주택,,1988,,60.71,2,4,1,미설치,0,,무주택 일반,,,,,102,,,,35.1628911,129.1055163,Google 건물번지,110,2.65001E+18,,,,,950,1,455,1,965,0.8853,804,0.9712,1442,0.6309,1147,0.7883,339,1,74,1,698,1,263,1,592,1,21,0.1795,10,0.1923,6,0.3846,7,0.1667,0,0,3,0.4359,102,0.1795,6,0.0385,43,0.1026,0,0.359,394,32,0.0812,0.0513,0.1538,,
매입임대,,수영구,부산광역시 수영구 광일로 79-7(광안동),부산광역시 수영구 광일로 79-7,다세대주택,,1988,,25.45,1,4,1,미설치,0,,무주택 일반,,,,,101,,,,35.1628911,129.1055163,Google 건물번지,110,2.65001E+18,,,,,950,1,455,1,965,0.8853,804,0.9712,1442,0.6309,1147,0.7883,339,1,74,1,698,1,263,1,592,1,21,0.1795,10,0.1923,6,0.3846,7,0.1667,0,0,3,0.4359,102,0.1795,6,0.0385,43,0.1026,0,0.359,394,32,0.0812,0.0513,0.1538,,
매입임대,광안동,수영구,부산광역시 수영구 수영로618번길 73-1(광안동),부산광역시 수영구 수영로618번길 73-1,단독주택,,1988,,70.3,3,3,1,미설치,0,,무주택 일반,,,,,201,,3866000,53000,35.1604313,129.1178945,Google 건물번지,97,2.65001E+18,,,,,557,1,1521,1,540,1,810,0.968,1628,0.5659,665,1,510,0.856,480,1,491,1,437,1,1858,0.5045,87,0.9231,37,0.8846,13,0.7692,21,0.8205,0,0,7,0.9487,455,0.8718,25,0.8846,110,0.8462,1,0.859,1728,203,0.1175,0.9231,0.641,,
매입임대,광안동,수영구,부산광역시 수영구 수영로618번길 73-1(광안동),부산광역시 수영구 수영로618번길 73-1,단독주택,,1988,,38.21,2,3,1,미설치,0,,무주택 일반,,,,,102,,3866000,53000,35.1604313,129.1178945,Google 건물번지,97,2.65001E+18,,,,,557,1,1521,1,540,1,810,0.968,1628,0.5659,665,1,510,0.856,480,1,491,1,437,1,1858,0.5045,87,0.9231,37,0.8846,13,0.7692,21,0.8205,0,0,7,0.9487,455,0.8718,25,0.8846,110,0.8462,1,0.859,1728,203,0.1175,0.9231,0.641,,
매입임대,광안동,수영구,부산광역시 수영구 수영로618번길 73-1(광안동),부산광역시 수영구 수영로618번길 73-1,단독주택,,1988,,55.95,3,3,1,미설치,0,,무주택 일반,,,,,101,,3866000,53000,35.1604313,129.1178945,Google 건물번지,97,2.65001E+18,,,,,557,1,1521,1,540,1,810,0.968,1628,0.5659,665,1,510,0.856,480,1,491,1,437,1,1858,0.5045,87,0.9231,37,0.8846,13,0.7692,21,0.8205,0,0,7,0.9487,455,0.8718,25,0.8846,110,0.8462,1,0.859,1728,203,0.1175,0.9231,0.641,,
매입임대,광안동,수영구,부산광역시 수영구 광서로42번길 32(광안동),부산광역시 수영구 광서로42번길 32,단독주택,,1997,,45.09,2,3,1,미설치,1,,무주택 일반,,,,,101,,6900000,35000,35.1658761,129.110382,Google 건물번지,60,2.65001E+18,,,,,491,1,1083,1,700,1,674,1,1882,0.4981,518,1,308,1,243,1,240,1,657,1,743,1,73,0.8462,34,0.7436,15,0.859,20,0.7692,0,0,4,0.5385,420,0.7436,24,0.8333,97,0.6795,1,0.859,1548,215,0.1389,0.7179,0.8974,,
매입임대,광안동,수영구,부산광역시 수영구 광서로42번길 32(광안동),부산광역시 수영구 광서로42번길 32,단독주택,,1997,,89.9,3,3,1,미설치,1,,무주택 일반,,,,,201,,6900000,35000,35.1658761,129.110382,Google 건물번지,60,2.65001E+18,,,,,491,1,1083,1,700,1,674,1,1882,0.4981,518,1,308,1,243,1,240,1,657,1,743,1,73,0.8462,34,0.7436,15,0.859,20,0.7692,0,0,4,0.5385,420,0.7436,24,0.8333,97,0.6795,1,0.859,1548,215,0.1389,0.7179,0.8974,,
매입임대,,수영구,부산광역시 수영구 광서로42번길 32(광안동),부산광역시 수영구 광서로42번길 32,단독주택,,1997,,43.74,2,3,1,미설치,1,,무주택 일반,,,,,102,,,,35.1658761,129.110382,Google 건물번지,60,2.65001E+18,,,,,491,1,1083,1,700,1,674,1,1882,0.4981,518,1,308,1,243,1,240,1,657,1,743,1,73,0.8462,34,0.7436,15,0.859,20,0.7692,0,0,4,0.5385,420,0.7436,24,0.8333,97,0.6795,1,0.859,1548,215,0.1389,0.7179,0.8974,,
매입임대,,수영구,부산광역시 수영구 무학로46번길 20(광안동),부산광역시 수영구 무학로46번길 20,다세대주택,,1988,,30.96,2,4,1,미설치,0,,무주택 일반,,,,,101,,,,35.1604724,129.1185054,Google 건물번지,35,2.65001E+18,,,,,628,1,1593,1,606,1,878,0.9317,1687,0.5501,730,1,463,0.9061,510,1,494,1,443,1,1918,0.4885,89,0.9487,38,0.9487,14,0.8205,22,0.859,0,0,7,0.9487,463,0.8974,25,0.8846,103,0.7949,1,0.859,1726,210,0.1217,0.8718,0.7179,,
매입임대,광안동,수영구,부산광역시 수영구 무학로46번길 20(광안동),부산광역시 수영구 무학로46번길 20,다세대주택,,1988,,60.03,3,4,1,미설치,0,,무주택 일반,,,,,201,,3763000,42000,35.1604724,129.1185054,Google 건물번지,35,2.65001E+18,,,,,628,1,1593,1,606,1,878,0.9317,1687,0.5501,730,1,463,0.9061,510,1,494,1,443,1,1918,0.4885,89,0.9487,38,0.9487,14,0.8205,22,0.859,0,0,7,0.9487,463,0.8974,25,0.8846,103,0.7949,1,0.859,1726,210,0.1217,0.8718,0.7179,,
매입임대,광안동,수영구,부산광역시 수영구 무학로46번길 20(광안동),부산광역시 수영구 무학로46번길 20,다세대주택,,1988,,37.55,2,4,1,미설치,0,,무주택 일반,,,,,102,,3763000,42000,35.1604724,129.1185054,Google 건물번지,35,2.65001E+18,,,,,628,1,1593,1,606,1,878,0.9317,1687,0.5501,730,1,463,0.9061,510,1,494,1,443,1,1918,0.4885,89,0.9487,38,0.9487,14,0.8205,22,0.859,0,0,7,0.9487,463,0.8974,25,0.8846,103,0.7949,1,0.859,1726,210,0.1217,0.8718,0.7179,,
매입임대,광안동,수영구,부산광역시 수영구 장대골로45번길 36-1(광안동),부산광역시 수영구 장대골로45번길 36-1,단독주택,,1995,,56.53,2,4,1,미설치,0,,무주택 일반,,,,,301,,3738000,34000,35.158209,129.1077663,Google 건물번지,37,2.65001E+18,,,,,741,1,394,1,855,0.944,446,1,753,0.9984,634,1,257,1,606,1,123,1,155,1,1311,0.7008,35,0.3974,16,0.4103,10,0.5641,13,0.2821,0,0,7,0.9487,156,0.3333,15,0.5,57,0.2821,0,0.359,754,59,0.0782,0.3333,0.1026,,
매입임대,광안동,수영구,부산광역시 수영구 장대골로45번길 36-1(광안동),부산광역시 수영구 장대골로45번길 36-1,단독주택,,1995,,37.37,2,4,1,미설치,0,,무주택 일반,,,,,102,,3738000,34000,35.158209,129.1077663,Google 건물번지,37,2.65001E+18,,,,,741,1,394,1,855,0.944,446,1,753,0.9984,634,1,257,1,606,1,123,1,155,1,1311,0.7008,35,0.3974,16,0.4103,10,0.5641,13,0.2821,0,0,7,0.9487,156,0.3333,15,0.5,57,0.2821,0,0.359,754,59,0.0782,0.3333,0.1026,,
매입임대,,수영구,부산광역시 수영구 장대골로45번길 36-1(광안동),부산광역시 수영구 장대골로45번길 36-1,단독주택,,1995,,40.2,2,4,1,미설치,0,,무주택 일반,,,,,101,,,,35.158209,129.1077663,Google 건물번지,37,2.65001E+18,,,,,741,1,394,1,855,0.944,446,1,753,0.9984,634,1,257,1,606,1,123,1,155,1,1311,0.7008,35,0.3974,16,0.4103,10,0.5641,13,0.2821,0,0,7,0.9487,156,0.3333,15,0.5,57,0.2821,0,0.359,754,59,0.0782,0.3333,0.1026,,
매입임대,광안동,수영구,부산광역시 수영구 장대골로45번길 36-1(광안동),부산광역시 수영구 장대골로45번길 36-1,단독주택,,1995,,64.04,3,4,1,미설치,0,,무주택 일반,,,,,201,,3738000,34000,35.158209,129.1077663,Google 건물번지,37,2.65001E+18,,,,,741,1,394,1,855,0.944,446,1,753,0.9984,634,1,257,1,606,1,123,1,155,1,1311,0.7008,35,0.3974,16,0.4103,10,0.5641,13,0.2821,0,0,7,0.9487,156,0.3333,15,0.5,57,0.2821,0,0.359,754,59,0.0782,0.3333,0.1026,,
매입임대,광안동,수영구,부산광역시 수영구 장대골로39번길 30(광안동),부산광역시 수영구 장대골로39번길 30,단독주택,,1996,,49.5,2,3,1,미설치,0,,무주택 일반,,,,,201,,3775000,40000,35.158192,129.1087366,Google 건물번지,33,2.65001E+18,,,,,647,1,494,1,768,0.9904,331,1,764,0.9925,520,1,215,1,544,1,237,1,64,1,1354,0.6779,37,0.5,20,0.5128,12,0.7051,15,0.4872,0,0,7,0.9487,188,0.4231,15,0.5,73,0.4231,0,0.359,886,61,0.0688,0.4872,0.0256,,
매입임대,광안동,수영구,부산광역시 수영구 장대골로39번길 30(광안동),부산광역시 수영구 장대골로39번길 30,단독주택,,1996,,33.94,2,3,1,미설치,0,,무주택 일반,,,,,102,,3775000,40000,35.158192,129.1087366,Google 건물번지,33,2.65001E+18,,,,,647,1,494,1,768,0.9904,331,1,764,0.9925,520,1,215,1,544,1,237,1,64,1,1354,0.6779,37,0.5,20,0.5128,12,0.7051,15,0.4872,0,0,7,0.9487,188,0.4231,15,0.5,73,0.4231,0,0.359,886,61,0.0688,0.4872,0.0256,,
매입임대,광안동,수영구,부산광역시 수영구 장대골로39번길 30(광안동),부산광역시 수영구 장대골로39번길 30,단독주택,,1996,,24.55,1,3,1,미설치,0,,무주택 일반,,,,,101,,3775000,40000,35.158192,129.1087366,Google 건물번지,33,2.65001E+18,,,,,647,1,494,1,768,0.9904,331,1,764,0.9925,520,1,215,1,544,1,237,1,64,1,1354,0.6779,37,0.5,20,0.5128,12,0.7051,15,0.4872,0,0,7,0.9487,188,0.4231,15,0.5,73,0.4231,0,0.359,886,61,0.0688,0.4872,0.0256,,
매입임대,광안동,수영구,부산광역시 수영구 광일로29번가길 78-6(광안동),부산광역시 수영구 광일로29번가길 78-6,단독주택,,1988,,42.92,2,3,1,미설치,0,,무주택 일반,,,,,101,,3884000,41000,35.1611509,129.1066571,Google 건물번지,241,2.65001E+18,,,,,770,1,281,1,822,0.9616,712,1,1178,0.7717,893,0.9237,65,1,240,1,434,1,546,1,870,0.936,28,0.2949,14,0.3205,11,0.6538,10,0.2308,0,0,6,0.7949,149,0.3077,10,0.2564,52,0.2564,0,0.359,654,55,0.0841,0.2564,0.1795,,
매입임대,광안동,수영구,부산광역시 수영구 광일로29번가길 78-6(광안동),부산광역시 수영구 광일로29번가길 78-6,단독주택,,1988,,76.28,4,3,1,미설치,0,,무주택 일반,,,,,201,,3884000,41000,35.1611509,129.1066571,Google 건물번지,241,2.65001E+18,,,,,770,1,281,1,822,0.9616,712,1,1178,0.7717,893,0.9237,65,1,240,1,434,1,546,1,870,0.936,28,0.2949,14,0.3205,11,0.6538,10,0.2308,0,0,6,0.7949,149,0.3077,10,0.2564,52,0.2564,0,0.359,654,55,0.0841,0.2564,0.1795,,
매입임대,광안동,수영구,부산광역시 수영구 광일로29번가길 78-6(광안동),부산광역시 수영구 광일로29번가길 78-6,단독주택,,1988,,45.64,2,3,1,미설치,0,,무주택 일반,,,,,102,,3884000,41000,35.1611509,129.1066571,Google 건물번지,241,2.65001E+18,,,,,770,1,281,1,822,0.9616,712,1,1178,0.7717,893,0.9237,65,1,240,1,434,1,546,1,870,0.936,28,0.2949,14,0.3205,11,0.6538,10,0.2308,0,0,6,0.7949,149,0.3077,10,0.2564,52,0.2564,0,0.359,654,55,0.0841,0.2564,0.1795,,
매입임대,광안동,수영구,부산광역시 수영구 장대골로 69(광안동),부산광역시 수영구 장대골로 69,단독주택,,1991,,53.6,3,4,1,미설치,0,,무주택 일반,,,,,202,,6597000,41000,35.1597649,129.1059366,Google 건물번지,186,2.65001E+18,,,,,867,1,111,1,946,0.8955,696,1,992,0.8709,889,0.9259,218,1,431,1,253,1,446,1,1039,0.8459,29,0.3333,13,0.2436,10,0.5641,7,0.1667,0,0,4,0.5385,114,0.2308,10,0.2564,40,0.0769,0,0.359,548,40,0.073,0.2051,0.0513,,
매입임대,광안동,수영구,부산광역시 수영구 장대골로 69(광안동),부산광역시 수영구 장대골로 69,단독주택,,1991,,57.96,3,4,1,미설치,0,,무주택 일반,,,,,201,,6597000,41000,35.1597649,129.1059366,Google 건물번지,186,2.65001E+18,,,,,867,1,111,1,946,0.8955,696,1,992,0.8709,889,0.9259,218,1,431,1,253,1,446,1,1039,0.8459,29,0.3333,13,0.2436,10,0.5641,7,0.1667,0,0,4,0.5385,114,0.2308,10,0.2564,40,0.0769,0,0.359,548,40,0.073,0.2051,0.0513,,
매입임대,광안동,수영구,부산광역시 수영구 장대골로 69(광안동),부산광역시 수영구 장대골로 69,단독주택,,1991,,98.89,5,4,1,미설치,0,,무주택 일반,,,,,102,,6597000,41000,35.1597649,129.1059366,Google 건물번지,186,2.65001E+18,,,,,867,1,111,1,946,0.8955,696,1,992,0.8709,889,0.9259,218,1,431,1,253,1,446,1,1039,0.8459,29,0.3333,13,0.2436,10,0.5641,7,0.1667,0,0,4,0.5385,114,0.2308,10,0.2564,40,0.0769,0,0.359,548,40,0.073,0.2051,0.0513,,
매입임대,광안동,수영구,부산광역시 수영구 장대골로 69(광안동),부산광역시 수영구 장대골로 69,단독주택,,1991,,49.27,2,4,1,미설치,0,,무주택 일반,,,,,101,,6597000,41000,35.1597649,129.1059366,Google 건물번지,186,2.65001E+18,,,,,867,1,111,1,946,0.8955,696,1,992,0.8709,889,0.9259,218,1,431,1,253,1,446,1,1039,0.8459,29,0.3333,13,0.2436,10,0.5641,7,0.1667,0,0,4,0.5385,114,0.2308,10,0.2564,40,0.0769,0,0.359,548,40,0.073,0.2051,0.0513,,
매입임대,,수영구,부산광역시 수영구 연수로382번길 77(광안동),부산광역시 수영구 연수로382번길 77,단독주택,,1991,,76.13,3,5,1,미설치,0,,무주택 일반,,,,,201,,,,35.1670061,129.1097721,Google 건물번지,235,2.65001E+18,,,,,545,1,1082,1,876,0.9328,533,1,2004,0.4656,627,1,468,0.9008,359,1,357,1,533,1,658,1,64,0.641,31,0.7179,15,0.859,18,0.6538,0,0,5,0.6538,372,0.6154,20,0.6154,100,0.7179,1,0.859,1438,205,0.1426,0.641,0.9487,,
매입임대,,수영구,부산광역시 수영구 연수로382번길 77(광안동),부산광역시 수영구 연수로382번길 77,단독주택,,1991,,36.92,2,5,1,미설치,0,,무주택 일반,,,,,102,,,,35.1670061,129.1097721,Google 건물번지,235,2.65001E+18,,,,,545,1,1082,1,876,0.9328,533,1,2004,0.4656,627,1,468,0.9008,359,1,357,1,533,1,658,1,64,0.641,31,0.7179,15,0.859,18,0.6538,0,0,5,0.6538,372,0.6154,20,0.6154,100,0.7179,1,0.859,1438,205,0.1426,0.641,0.9487,,
매입임대,센텀뷰,수영구,"부산광역시 수영구 망미번영로91번길 14(망미동,센텀뷰)",부산광역시 수영구 망미번영로91번길 14,다세대주택,,2018,,15.39,1,26,1,설치,13,,무주택 일반,,,,,302,2,12398000,98000,35.1756383,129.1107021,Google 건물번지,16,2.65001E+18,,,,,1339,1,752,1,683,1,590,1,1537,0.5901,339,1,494,0.8731,139,1,469,1,867,0.9376,1159,0.7819,37,0.5,19,0.4744,6,0.3846,16,0.5641,0,0,1,0.1795,229,0.4872,14,0.4487,96,0.641,0,0.359,1003,96,0.0957,0.5128,0.4615,,
매입임대,센텀뷰,수영구,"부산광역시 수영구 망미번영로91번길 14(망미동,센텀뷰)",부산광역시 수영구 망미번영로91번길 14,다세대주택,,2018,,20.7,1,26,1,설치,13,,무주택 일반,,,,,203,2,12398000,98000,35.1756383,129.1107021,Google 건물번지,16,2.65001E+18,,,,,1339,1,752,1,683,1,590,1,1537,0.5901,339,1,494,0.8731,139,1,469,1,867,0.9376,1159,0.7819,37,0.5,19,0.4744,6,0.3846,16,0.5641,0,0,1,0.1795,229,0.4872,14,0.4487,96,0.641,0,0.359,1003,96,0.0957,0.5128,0.4615,,
매입임대,센텀뷰,수영구,"부산광역시 수영구 망미번영로91번길 14(망미동,센텀뷰)",부산광역시 수영구 망미번영로91번길 14,다세대주택,,2018,,16.98,1,26,1,설치,13,,무주택 일반,,,,,506,1,16157000,73000,35.1756383,129.1107021,Google 건물번지,16,2.65001E+18,,,,,1339,1,752,1,683,1,590,1,1537,0.5901,339,1,494,0.8731,139,1,469,1,867,0.9376,1159,0.7819,37,0.5,19,0.4744,6,0.3846,16,0.5641,0,0,1,0.1795,229,0.4872,14,0.4487,96,0.641,0,0.359,1003,96,0.0957,0.5128,0.4615,,
매입임대,센텀뷰,수영구,"부산광역시 수영구 망미번영로91번길 14(망미동,센텀뷰)",부산광역시 수영구 망미번영로91번길 14,다세대주택,,2018,,19.58,1,26,1,설치,13,,무주택 일반,,,,,504,2,12398000,98000,35.1756383,129.1107021,Google 건물번지,16,2.65001E+18,,,,,1339,1,752,1,683,1,590,1,1537,0.5901,339,1,494,0.8731,139,1,469,1,867,0.9376,1159,0.7819,37,0.5,19,0.4744,6,0.3846,16,0.5641,0,0,1,0.1795,229,0.4872,14,0.4487,96,0.641,0,0.359,1003,96,0.0957,0.5128,0.4615,,
매입임대,센텀뷰,수영구,"부산광역시 수영구 망미번영로91번길 14(망미동,센텀뷰)",부산광역시 수영구 망미번영로91번길 14,다세대주택,,2018,,15.39,1,26,1,설치,13,,무주택 일반,,,,,502,2,12398000,98000,35.1756383,129.1107021,Google 건물번지,16,2.65001E+18,,,,,1339,1,752,1,683,1,590,1,1537,0.5901,339,1,494,0.8731,139,1,469,1,867,0.9376,1159,0.7819,37,0.5,19,0.4744,6,0.3846,16,0.5641,0,0,1,0.1795,229,0.4872,14,0.4487,96,0.641,0,0.359,1003,96,0.0957,0.5128,0.4615,,
매입임대,센텀뷰,수영구,"부산광역시 수영구 망미번영로91번길 14(망미동,센텀뷰)",부산광역시 수영구 망미번영로91번길 14,다세대주택,,2018,,19.58,1,26,1,설치,13,,무주택 일반,,,,,404,2,12398000,98000,35.1756383,129.1107021,Google 건물번지,16,2.65001E+18,,,,,1339,1,752,1,683,1,590,1,1537,0.5901,339,1,494,0.8731,139,1,469,1,867,0.9376,1159,0.7819,37,0.5,19,0.4744,6,0.3846,16,0.5641,0,0,1,0.1795,229,0.4872,14,0.4487,96,0.641,0,0.359,1003,96,0.0957,0.5128,0.4615,,
매입임대,센텀뷰,수영구,"부산광역시 수영구 망미번영로91번길 14(망미동,센텀뷰)",부산광역시 수영구 망미번영로91번길 14,다세대주택,,2018,,15.39,1,26,1,설치,13,,무주택 일반,,,,,402,1,16157000,73000,35.1756383,129.1107021,Google 건물번지,16,2.65001E+18,,,,,1339,1,752,1,683,1,590,1,1537,0.5901,339,1,494,0.8731,139,1,469,1,867,0.9376,1159,0.7819,37,0.5,19,0.4744,6,0.3846,16,0.5641,0,0,1,0.1795,229,0.4872,14,0.4487,96,0.641,0,0.359,1003,96,0.0957,0.5128,0.4615,,
매입임대,센텀뷰,수영구,"부산광역시 수영구 망미번영로91번길 14(망미동,센텀뷰)",부산광역시 수영구 망미번영로91번길 14,다세대주택,,2018,,16.01,1,26,1,설치,13,,무주택 일반,,,,,305,,12398000,98000,35.1756383,129.1107021,Google 건물번지,16,2.65001E+18,,,,,1339,1,752,1,683,1,590,1,1537,0.5901,339,1,494,0.8731,139,1,469,1,867,0.9376,1159,0.7819,37,0.5,19,0.4744,6,0.3846,16,0.5641,0,0,1,0.1795,229,0.4872,14,0.4487,96,0.641,0,0.359,1003,96,0.0957,0.5128,0.4615,,
매입임대,센텀뷰,수영구,"부산광역시 수영구 망미번영로91번길 14(망미동,센텀뷰)",부산광역시 수영구 망미번영로91번길 14,다세대주택,,2018,,15.29,1,26,1,설치,13,,무주택 일반,,,,,206,1,16157000,73000,35.1756383,129.1107021,Google 건물번지,16,2.65001E+18,,,,,1339,1,752,1,683,1,590,1,1537,0.5901,339,1,494,0.8731,139,1,469,1,867,0.9376,1159,0.7819,37,0.5,19,0.4744,6,0.3846,16,0.5641,0,0,1,0.1795,229,0.4872,14,0.4487,96,0.641,0,0.359,1003,96,0.0957,0.5128,0.4615,,
매입임대,센텀뷰,수영구,"부산광역시 수영구 망미번영로91번길 14(망미동,센텀뷰)",부산광역시 수영구 망미번영로91번길 14,다세대주택,,2018,,16.01,1,26,1,설치,13,,무주택 일반,,,,,205,1,16157000,73000,35.1756383,129.1107021,Google 건물번지,16,2.65001E+18,,,,,1339,1,752,1,683,1,590,1,1537,0.5901,339,1,494,0.8731,139,1,469,1,867,0.9376,1159,0.7819,37,0.5,19,0.4744,6,0.3846,16,0.5641,0,0,1,0.1795,229,0.4872,14,0.4487,96,0.641,0,0.359,1003,96,0.0957,0.5128,0.4615,,
매입임대,센텀뷰,수영구,"부산광역시 수영구 망미번영로91번길 14(망미동,센텀뷰)",부산광역시 수영구 망미번영로91번길 14,다세대주택,,2018,,19.09,1,26,1,설치,13,,무주택 일반,,,,,204,2,12398000,98000,35.1756383,129.1107021,Google 건물번지,16,2.65001E+18,,,,,1339,1,752,1,683,1,590,1,1537,0.5901,339,1,494,0.8731,139,1,469,1,867,0.9376,1159,0.7819,37,0.5,19,0.4744,6,0.3846,16,0.5641,0,0,1,0.1795,229,0.4872,14,0.4487,96,0.641,0,0.359,1003,96,0.0957,0.5128,0.4615,,
매입임대,두산킹덤,수영구,"부산광역시 수영구 광일로20번길 20-25(광안동,두산킹덤)",부산광역시 수영구 광일로20번길 20-25,다세대주택,,2010,,22.76,2,16,1,미설치,8,,무주택 일반,,,,,202,,2300000,112000,35.1636496,129.111726,Google 건물번지,64,2.65001E+18,,,,,439,1,970,1,349,1,777,0.9856,1612,0.5701,443,1,78,1,320,1,316,1,856,0.9435,1000,0.8667,70,0.7821,37,0.8846,18,0.9487,18,0.6538,0,0,6,0.7949,436,0.8205,21,0.6795,105,0.8205,1,0.859,1583,221,0.1396,0.7949,0.9231,,
매입임대,두산킹덤,수영구,"부산광역시 수영구 광일로20번길 20-25(광안동,두산킹덤)",부산광역시 수영구 광일로20번길 20-25,다세대주택,,2010,,22.72,2,16,1,미설치,8,,무주택 일반,,,,,504,,2300000,112000,35.1636496,129.111726,Google 건물번지,64,2.65001E+18,,,,,439,1,970,1,349,1,777,0.9856,1612,0.5701,443,1,78,1,320,1,316,1,856,0.9435,1000,0.8667,70,0.7821,37,0.8846,18,0.9487,18,0.6538,0,0,6,0.7949,436,0.8205,21,0.6795,105,0.8205,1,0.859,1583,221,0.1396,0.7949,0.9231,,
매입임대,두산킹덤,수영구,"부산광역시 수영구 광일로20번길 20-25(광안동,두산킹덤)",부산광역시 수영구 광일로20번길 20-25,다세대주택,,2010,,25.21,2,16,1,미설치,8,,무주택 일반,,,,,503,,2300000,112000,35.1636496,129.111726,Google 건물번지,64,2.65001E+18,,,,,439,1,970,1,349,1,777,0.9856,1612,0.5701,443,1,78,1,320,1,316,1,856,0.9435,1000,0.8667,70,0.7821,37,0.8846,18,0.9487,18,0.6538,0,0,6,0.7949,436,0.8205,21,0.6795,105,0.8205,1,0.859,1583,221,0.1396,0.7949,0.9231,,
매입임대,두산킹덤,수영구,"부산광역시 수영구 광일로20번길 20-25(광안동,두산킹덤)",부산광역시 수영구 광일로20번길 20-25,다세대주택,,2010,,17.43,1,16,1,미설치,8,,무주택 일반,,,,,502,2,2000000,157000,35.1636496,129.111726,Google 건물번지,64,2.65001E+18,,,,,439,1,970,1,349,1,777,0.9856,1612,0.5701,443,1,78,1,320,1,316,1,856,0.9435,1000,0.8667,70,0.7821,37,0.8846,18,0.9487,18,0.6538,0,0,6,0.7949,436,0.8205,21,0.6795,105,0.8205,1,0.859,1583,221,0.1396,0.7949,0.9231,,
매입임대,두산킹덤,수영구,"부산광역시 수영구 광일로20번길 20-25(광안동,두산킹덤)",부산광역시 수영구 광일로20번길 20-25,다세대주택,,2010,,15.51,1,16,1,미설치,8,,무주택 일반,,,,,501,2,2000000,157000,35.1636496,129.111726,Google 건물번지,64,2.65001E+18,,,,,439,1,970,1,349,1,777,0.9856,1612,0.5701,443,1,78,1,320,1,316,1,856,0.9435,1000,0.8667,70,0.7821,37,0.8846,18,0.9487,18,0.6538,0,0,6,0.7949,436,0.8205,21,0.6795,105,0.8205,1,0.859,1583,221,0.1396,0.7949,0.9231,,
매입임대,두산킹덤,수영구,"부산광역시 수영구 광일로20번길 20-25(광안동,두산킹덤)",부산광역시 수영구 광일로20번길 20-25,다세대주택,,2010,,22.72,2,16,1,미설치,8,,무주택 일반,,,,,404,,2300000,112000,35.1636496,129.111726,Google 건물번지,64,2.65001E+18,,,,,439,1,970,1,349,1,777,0.9856,1612,0.5701,443,1,78,1,320,1,316,1,856,0.9435,1000,0.8667,70,0.7821,37,0.8846,18,0.9487,18,0.6538,0,0,6,0.7949,436,0.8205,21,0.6795,105,0.8205,1,0.859,1583,221,0.1396,0.7949,0.9231,,
매입임대,두산킹덤,수영구,"부산광역시 수영구 광일로20번길 20-25(광안동,두산킹덤)",부산광역시 수영구 광일로20번길 20-25,다세대주택,,2010,,23.09,2,16,1,미설치,8,,무주택 일반,,,,,403,,2300000,112000,35.1636496,129.111726,Google 건물번지,64,2.65001E+18,,,,,439,1,970,1,349,1,777,0.9856,1612,0.5701,443,1,78,1,320,1,316,1,856,0.9435,1000,0.8667,70,0.7821,37,0.8846,18,0.9487,18,0.6538,0,0,6,0.7949,436,0.8205,21,0.6795,105,0.8205,1,0.859,1583,221,0.1396,0.7949,0.9231,,
매입임대,두산킹덤,수영구,"부산광역시 수영구 광일로20번길 20-25(광안동,두산킹덤)",부산광역시 수영구 광일로20번길 20-25,다세대주택,,2010,,22.76,2,16,1,미설치,8,,무주택 일반,,,,,402,,2300000,112000,35.1636496,129.111726,Google 건물번지,64,2.65001E+18,,,,,439,1,970,1,349,1,777,0.9856,1612,0.5701,443,1,78,1,320,1,316,1,856,0.9435,1000,0.8667,70,0.7821,37,0.8846,18,0.9487,18,0.6538,0,0,6,0.7949,436,0.8205,21,0.6795,105,0.8205,1,0.859,1583,221,0.1396,0.7949,0.9231,,
매입임대,두산킹덤,수영구,"부산광역시 수영구 광일로20번길 20-25(광안동,두산킹덤)",부산광역시 수영구 광일로20번길 20-25,다세대주택,,2010,,15.51,1,16,1,미설치,8,,무주택 일반,,,,,401,,2300000,112000,35.1636496,129.111726,Google 건물번지,64,2.65001E+18,,,,,439,1,970,1,349,1,777,0.9856,1612,0.5701,443,1,78,1,320,1,316,1,856,0.9435,1000,0.8667,70,0.7821,37,0.8846,18,0.9487,18,0.6538,0,0,6,0.7949,436,0.8205,21,0.6795,105,0.8205,1,0.859,1583,221,0.1396,0.7949,0.9231,,
매입임대,두산킹덤,수영구,"부산광역시 수영구 광일로20번길 20-25(광안동,두산킹덤)",부산광역시 수영구 광일로20번길 20-25,다세대주택,,2010,,22.72,2,16,1,미설치,8,,무주택 일반,,,,,304,,2300000,112000,35.1636496,129.111726,Google 건물번지,64,2.65001E+18,,,,,439,1,970,1,349,1,777,0.9856,1612,0.5701,443,1,78,1,320,1,316,1,856,0.9435,1000,0.8667,70,0.7821,37,0.8846,18,0.9487,18,0.6538,0,0,6,0.7949,436,0.8205,21,0.6795,105,0.8205,1,0.859,1583,221,0.1396,0.7949,0.9231,,
매입임대,두산킹덤,수영구,"부산광역시 수영구 광일로20번길 20-25(광안동,두산킹덤)",부산광역시 수영구 광일로20번길 20-25,다세대주택,,2010,,23.09,2,16,1,미설치,8,,무주택 일반,,,,,303,,2300000,112000,35.1636496,129.111726,Google 건물번지,64,2.65001E+18,,,,,439,1,970,1,349,1,777,0.9856,1612,0.5701,443,1,78,1,320,1,316,1,856,0.9435,1000,0.8667,70,0.7821,37,0.8846,18,0.9487,18,0.6538,0,0,6,0.7949,436,0.8205,21,0.6795,105,0.8205,1,0.859,1583,221,0.1396,0.7949,0.9231,,
매입임대,두산킹덤,수영구,"부산광역시 수영구 광일로20번길 20-25(광안동,두산킹덤)",부산광역시 수영구 광일로20번길 20-25,다세대주택,,2010,,22.76,2,16,1,미설치,8,,무주택 일반,,,,,302,,2300000,112000,35.1636496,129.111726,Google 건물번지,64,2.65001E+18,,,,,439,1,970,1,349,1,777,0.9856,1612,0.5701,443,1,78,1,320,1,316,1,856,0.9435,1000,0.8667,70,0.7821,37,0.8846,18,0.9487,18,0.6538,0,0,6,0.7949,436,0.8205,21,0.6795,105,0.8205,1,0.859,1583,221,0.1396,0.7949,0.9231,,
매입임대,두산킹덤,수영구,"부산광역시 수영구 광일로20번길 20-25(광안동,두산킹덤)",부산광역시 수영구 광일로20번길 20-25,다세대주택,,2010,,15.51,1,16,1,미설치,8,,무주택 일반,,,,,301,,2300000,112000,35.1636496,129.111726,Google 건물번지,64,2.65001E+18,,,,,439,1,970,1,349,1,777,0.9856,1612,0.5701,443,1,78,1,320,1,316,1,856,0.9435,1000,0.8667,70,0.7821,37,0.8846,18,0.9487,18,0.6538,0,0,6,0.7949,436,0.8205,21,0.6795,105,0.8205,1,0.859,1583,221,0.1396,0.7949,0.9231,,
매입임대,두산킹덤,수영구,"부산광역시 수영구 광일로20번길 20-25(광안동,두산킹덤)",부산광역시 수영구 광일로20번길 20-25,다세대주택,,2010,,22.72,2,16,1,미설치,8,,무주택 일반,,,,,204,,2300000,112000,35.1636496,129.111726,Google 건물번지,64,2.65001E+18,,,,,439,1,970,1,349,1,777,0.9856,1612,0.5701,443,1,78,1,320,1,316,1,856,0.9435,1000,0.8667,70,0.7821,37,0.8846,18,0.9487,18,0.6538,0,0,6,0.7949,436,0.8205,21,0.6795,105,0.8205,1,0.859,1583,221,0.1396,0.7949,0.9231,,
매입임대,두산킹덤,수영구,"부산광역시 수영구 광일로20번길 20-25(광안동,두산킹덤)",부산광역시 수영구 광일로20번길 20-25,다세대주택,,2010,,23.09,2,16,1,미설치,8,,무주택 일반,,,,,203,,2300000,112000,35.1636496,129.111726,Google 건물번지,64,2.65001E+18,,,,,439,1,970,1,349,1,777,0.9856,1612,0.5701,443,1,78,1,320,1,316,1,856,0.9435,1000,0.8667,70,0.7821,37,0.8846,18,0.9487,18,0.6538,0,0,6,0.7949,436,0.8205,21,0.6795,105,0.8205,1,0.859,1583,221,0.1396,0.7949,0.9231,,
매입임대,두산킹덤,수영구,"부산광역시 수영구 광일로20번길 20-25(광안동,두산킹덤)",부산광역시 수영구 광일로20번길 20-25,다세대주택,,2010,,15.51,1,16,1,미설치,8,,무주택 일반,,,,,201,,2300000,143000,35.1636496,129.111726,Google 건물번지,64,2.65001E+18,,,,,439,1,970,1,349,1,777,0.9856,1612,0.5701,443,1,78,1,320,1,316,1,856,0.9435,1000,0.8667,70,0.7821,37,0.8846,18,0.9487,18,0.6538,0,0,6,0.7949,436,0.8205,21,0.6795,105,0.8205,1,0.859,1583,221,0.1396,0.7949,0.9231,,
매입임대,제이엠하우스,수영구,"부산광역시 수영구 감포로 13-5(광안동,제이엠하우스)",부산광역시 수영구 감포로 13-5,다세대주택,,2017,,25.53,2,33,1,설치,17,,무주택 일반,,,,,202,1,5620000,164000,35.1596299,129.1202405,Google 건물번지,390,2.65001E+18,,,,,847,1,1794,1,839,0.9525,730,1,1781,0.5251,871,0.9355,247,1,537,1,512,1,399,1,2098,0.4405,92,0.9744,37,0.8846,11,0.6538,23,0.9103,0,0,5,0.6538,422,0.7692,21,0.6795,81,0.5256,0,0.359,1614,190,0.1177,0.8205,0.6667,,
매입임대,제이엠하우스,수영구,"부산광역시 수영구 감포로 13-5(광안동,제이엠하우스)",부산광역시 수영구 감포로 13-5,다세대주택,,2017,,26.34,2,33,1,설치,17,,무주택 일반,,,,,201,1,5620000,164000,35.1596299,129.1202405,Google 건물번지,390,2.65001E+18,,,,,847,1,1794,1,839,0.9525,730,1,1781,0.5251,871,0.9355,247,1,537,1,512,1,399,1,2098,0.4405,92,0.9744,37,0.8846,11,0.6538,23,0.9103,0,0,5,0.6538,422,0.7692,21,0.6795,81,0.5256,0,0.359,1614,190,0.1177,0.8205,0.6667,,
매입임대,제이엠하우스,수영구,"부산광역시 수영구 감포로 13-5(광안동,제이엠하우스)",부산광역시 수영구 감포로 13-5,다세대주택,,2017,,25.53,2,33,1,설치,17,,무주택 일반,,,,,502,2,4958000,186000,35.1596299,129.1202405,Google 건물번지,390,2.65001E+18,,,,,847,1,1794,1,839,0.9525,730,1,1781,0.5251,871,0.9355,247,1,537,1,512,1,399,1,2098,0.4405,92,0.9744,37,0.8846,11,0.6538,23,0.9103,0,0,5,0.6538,422,0.7692,21,0.6795,81,0.5256,0,0.359,1614,190,0.1177,0.8205,0.6667,,
매입임대,제이엠하우스,수영구,"부산광역시 수영구 감포로 13-5(광안동,제이엠하우스)",부산광역시 수영구 감포로 13-5,다세대주택,,2017,,26.34,2,33,1,설치,17,,무주택 일반,,,,,501,,1880000,185000,35.1596299,129.1202405,Google 건물번지,390,2.65001E+18,,,,,847,1,1794,1,839,0.9525,730,1,1781,0.5251,871,0.9355,247,1,537,1,512,1,399,1,2098,0.4405,92,0.9744,37,0.8846,11,0.6538,23,0.9103,0,0,5,0.6538,422,0.7692,21,0.6795,81,0.5256,0,0.359,1614,190,0.1177,0.8205,0.6667,,
매입임대,제이엠하우스,수영구,"부산광역시 수영구 감포로 13-5(광안동,제이엠하우스)",부산광역시 수영구 감포로 13-5,다세대주택,,2017,,19.1,1,33,1,설치,17,,무주택 일반,,,,,407,2,4958000,186000,35.1596299,129.1202405,Google 건물번지,390,2.65001E+18,,,,,847,1,1794,1,839,0.9525,730,1,1781,0.5251,871,0.9355,247,1,537,1,512,1,399,1,2098,0.4405,92,0.9744,37,0.8846,11,0.6538,23,0.9103,0,0,5,0.6538,422,0.7692,21,0.6795,81,0.5256,0,0.359,1614,190,0.1177,0.8205,0.6667,,
매입임대,제이엠하우스,수영구,"부산광역시 수영구 감포로 13-5(광안동,제이엠하우스)",부산광역시 수영구 감포로 13-5,다세대주택,,2017,,17.88,1,33,1,설치,17,,무주택 일반,,,,,404,2,4958000,186000,35.1596299,129.1202405,Google 건물번지,390,2.65001E+18,,,,,847,1,1794,1,839,0.9525,730,1,1781,0.5251,871,0.9355,247,1,537,1,512,1,399,1,2098,0.4405,92,0.9744,37,0.8846,11,0.6538,23,0.9103,0,0,5,0.6538,422,0.7692,21,0.6795,81,0.5256,0,0.359,1614,190,0.1177,0.8205,0.6667,,
매입임대,제이엠하우스,수영구,"부산광역시 수영구 감포로 13-5(광안동,제이엠하우스)",부산광역시 수영구 감포로 13-5,다세대주택,,2017,,19.1,1,33,1,설치,17,,무주택 일반,,,,,307,2,4958000,186000,35.1596299,129.1202405,Google 건물번지,390,2.65001E+18,,,,,847,1,1794,1,839,0.9525,730,1,1781,0.5251,871,0.9355,247,1,537,1,512,1,399,1,2098,0.4405,92,0.9744,37,0.8846,11,0.6538,23,0.9103,0,0,5,0.6538,422,0.7692,21,0.6795,81,0.5256,0,0.359,1614,190,0.1177,0.8205,0.6667,,
매입임대,,수영구,"부산광역시 수영구 감포로 13-5(광안동,제이엠하우스)",부산광역시 수영구 감포로 13-5,다세대주택,,2017,,17.88,1,33,1,설치,17,,무주택 일반,,,,,306,,,,35.1596299,129.1202405,Google 건물번지,390,2.65001E+18,,,,,847,1,1794,1,839,0.9525,730,1,1781,0.5251,871,0.9355,247,1,537,1,512,1,399,1,2098,0.4405,92,0.9744,37,0.8846,11,0.6538,23,0.9103,0,0,5,0.6538,422,0.7692,21,0.6795,81,0.5256,0,0.359,1614,190,0.1177,0.8205,0.6667,,
매입임대,제이엠하우스,수영구,"부산광역시 수영구 감포로 13-5(광안동,제이엠하우스)",부산광역시 수영구 감포로 13-5,다세대주택,,2017,,17.88,1,33,1,설치,17,,무주택 일반,,,,,305,2,4958000,186000,35.1596299,129.1202405,Google 건물번지,390,2.65001E+18,,,,,847,1,1794,1,839,0.9525,730,1,1781,0.5251,871,0.9355,247,1,537,1,512,1,399,1,2098,0.4405,92,0.9744,37,0.8846,11,0.6538,23,0.9103,0,0,5,0.6538,422,0.7692,21,0.6795,81,0.5256,0,0.359,1614,190,0.1177,0.8205,0.6667,,
매입임대,제이엠하우스,수영구,"부산광역시 수영구 감포로 13-5(광안동,제이엠하우스)",부산광역시 수영구 감포로 13-5,다세대주택,,2017,,24.04,2,33,1,설치,17,,무주택 일반,,,,,508,2,4958000,186000,35.1596299,129.1202405,Google 건물번지,390,2.65001E+18,,,,,847,1,1794,1,839,0.9525,730,1,1781,0.5251,871,0.9355,247,1,537,1,512,1,399,1,2098,0.4405,92,0.9744,37,0.8846,11,0.6538,23,0.9103,0,0,5,0.6538,422,0.7692,21,0.6795,81,0.5256,0,0.359,1614,190,0.1177,0.8205,0.6667,,
매입임대,제이엠하우스,수영구,"부산광역시 수영구 감포로 13-5(광안동,제이엠하우스)",부산광역시 수영구 감포로 13-5,다세대주택,,2017,,28.13,2,33,1,설치,17,,무주택 일반,,,,,507,,1880000,185000,35.1596299,129.1202405,Google 건물번지,390,2.65001E+18,,,,,847,1,1794,1,839,0.9525,730,1,1781,0.5251,871,0.9355,247,1,537,1,512,1,399,1,2098,0.4405,92,0.9744,37,0.8846,11,0.6538,23,0.9103,0,0,5,0.6538,422,0.7692,21,0.6795,81,0.5256,0,0.359,1614,190,0.1177,0.8205,0.6667,,
매입임대,제이엠하우스,수영구,"부산광역시 수영구 감포로 13-5(광안동,제이엠하우스)",부산광역시 수영구 감포로 13-5,다세대주택,,2017,,20.47,2,33,1,설치,17,,무주택 일반,,,,,506,2,4958000,186000,35.1596299,129.1202405,Google 건물번지,390,2.65001E+18,,,,,847,1,1794,1,839,0.9525,730,1,1781,0.5251,871,0.9355,247,1,537,1,512,1,399,1,2098,0.4405,92,0.9744,37,0.8846,11,0.6538,23,0.9103,0,0,5,0.6538,422,0.7692,21,0.6795,81,0.5256,0,0.359,1614,190,0.1177,0.8205,0.6667,,
매입임대,제이엠하우스,수영구,"부산광역시 수영구 감포로 13-5(광안동,제이엠하우스)",부산광역시 수영구 감포로 13-5,다세대주택,,2017,,20.47,2,33,1,설치,17,,무주택 일반,,,,,505,2,4958000,186000,35.1596299,129.1202405,Google 건물번지,390,2.65001E+18,,,,,847,1,1794,1,839,0.9525,730,1,1781,0.5251,871,0.9355,247,1,537,1,512,1,399,1,2098,0.4405,92,0.9744,37,0.8846,11,0.6538,23,0.9103,0,0,5,0.6538,422,0.7692,21,0.6795,81,0.5256,0,0.359,1614,190,0.1177,0.8205,0.6667,,
매입임대,제이엠하우스,수영구,"부산광역시 수영구 감포로 13-5(광안동,제이엠하우스)",부산광역시 수영구 감포로 13-5,다세대주택,,2017,,20.47,2,33,1,설치,17,,무주택 일반,,,,,504,2,4958000,186000,35.1596299,129.1202405,Google 건물번지,390,2.65001E+18,,,,,847,1,1794,1,839,0.9525,730,1,1781,0.5251,871,0.9355,247,1,537,1,512,1,399,1,2098,0.4405,92,0.9744,37,0.8846,11,0.6538,23,0.9103,0,0,5,0.6538,422,0.7692,21,0.6795,81,0.5256,0,0.359,1614,190,0.1177,0.8205,0.6667,,
매입임대,제이엠하우스,수영구,"부산광역시 수영구 감포로 13-5(광안동,제이엠하우스)",부산광역시 수영구 감포로 13-5,다세대주택,,2017,,29.89,2,33,1,설치,17,,무주택 일반,,,,,503,,1880000,185000,35.1596299,129.1202405,Google 건물번지,390,2.65001E+18,,,,,847,1,1794,1,839,0.9525,730,1,1781,0.5251,871,0.9355,247,1,537,1,512,1,399,1,2098,0.4405,92,0.9744,37,0.8846,11,0.6538,23,0.9103,0,0,5,0.6538,422,0.7692,21,0.6795,81,0.5256,0,0.359,1614,190,0.1177,0.8205,0.6667,,
매입임대,제이엠하우스,수영구,"부산광역시 수영구 감포로 13-5(광안동,제이엠하우스)",부산광역시 수영구 감포로 13-5,다세대주택,,2017,,17.19,1,33,1,설치,17,,무주택 일반,,,,,408,2,4958000,186000,35.1596299,129.1202405,Google 건물번지,390,2.65001E+18,,,,,847,1,1794,1,839,0.9525,730,1,1781,0.5251,871,0.9355,247,1,537,1,512,1,399,1,2098,0.4405,92,0.9744,37,0.8846,11,0.6538,23,0.9103,0,0,5,0.6538,422,0.7692,21,0.6795,81,0.5256,0,0.359,1614,190,0.1177,0.8205,0.6667,,
매입임대,제이엠하우스,수영구,"부산광역시 수영구 감포로 13-5(광안동,제이엠하우스)",부산광역시 수영구 감포로 13-5,다세대주택,,2017,,17.88,1,33,1,설치,17,,무주택 일반,,,,,406,2,4958000,186000,35.1596299,129.1202405,Google 건물번지,390,2.65001E+18,,,,,847,1,1794,1,839,0.9525,730,1,1781,0.5251,871,0.9355,247,1,537,1,512,1,399,1,2098,0.4405,92,0.9744,37,0.8846,11,0.6538,23,0.9103,0,0,5,0.6538,422,0.7692,21,0.6795,81,0.5256,0,0.359,1614,190,0.1177,0.8205,0.6667,,
매입임대,제이엠하우스,수영구,"부산광역시 수영구 감포로 13-5(광안동,제이엠하우스)",부산광역시 수영구 감포로 13-5,다세대주택,,2017,,25.17,2,33,1,설치,17,,무주택 일반,,,,,403,,1880000,185000,35.1596299,129.1202405,Google 건물번지,390,2.65001E+18,,,,,847,1,1794,1,839,0.9525,730,1,1781,0.5251,871,0.9355,247,1,537,1,512,1,399,1,2098,0.4405,92,0.9744,37,0.8846,11,0.6538,23,0.9103,0,0,5,0.6538,422,0.7692,21,0.6795,81,0.5256,0,0.359,1614,190,0.1177,0.8205,0.6667,,
매입임대,제이엠하우스,수영구,"부산광역시 수영구 감포로 13-5(광안동,제이엠하우스)",부산광역시 수영구 감포로 13-5,다세대주택,,2017,,25.53,2,33,1,설치,17,,무주택 일반,,,,,402,2,4958000,186000,35.1596299,129.1202405,Google 건물번지,390,2.65001E+18,,,,,847,1,1794,1,839,0.9525,730,1,1781,0.5251,871,0.9355,247,1,537,1,512,1,399,1,2098,0.4405,92,0.9744,37,0.8846,11,0.6538,23,0.9103,0,0,5,0.6538,422,0.7692,21,0.6795,81,0.5256,0,0.359,1614,190,0.1177,0.8205,0.6667,,
매입임대,제이엠하우스,수영구,"부산광역시 수영구 감포로 13-5(광안동,제이엠하우스)",부산광역시 수영구 감포로 13-5,다세대주택,,2017,,26.34,2,33,1,설치,17,,무주택 일반,,,,,401,2,4958000,186000,35.1596299,129.1202405,Google 건물번지,390,2.65001E+18,,,,,847,1,1794,1,839,0.9525,730,1,1781,0.5251,871,0.9355,247,1,537,1,512,1,399,1,2098,0.4405,92,0.9744,37,0.8846,11,0.6538,23,0.9103,0,0,5,0.6538,422,0.7692,21,0.6795,81,0.5256,0,0.359,1614,190,0.1177,0.8205,0.6667,,
매입임대,제이엠하우스,수영구,"부산광역시 수영구 감포로 13-5(광안동,제이엠하우스)",부산광역시 수영구 감포로 13-5,다세대주택,,2017,,17.19,1,33,1,설치,17,,무주택 일반,,,,,308,2,4958000,186000,35.1596299,129.1202405,Google 건물번지,390,2.65001E+18,,,,,847,1,1794,1,839,0.9525,730,1,1781,0.5251,871,0.9355,247,1,537,1,512,1,399,1,2098,0.4405,92,0.9744,37,0.8846,11,0.6538,23,0.9103,0,0,5,0.6538,422,0.7692,21,0.6795,81,0.5256,0,0.359,1614,190,0.1177,0.8205,0.6667,,
매입임대,제이엠하우스,수영구,"부산광역시 수영구 감포로 13-5(광안동,제이엠하우스)",부산광역시 수영구 감포로 13-5,다세대주택,,2017,,17.88,1,33,1,설치,17,,무주택 일반,,,,,304,2,4958000,186000,35.1596299,129.1202405,Google 건물번지,390,2.65001E+18,,,,,847,1,1794,1,839,0.9525,730,1,1781,0.5251,871,0.9355,247,1,537,1,512,1,399,1,2098,0.4405,92,0.9744,37,0.8846,11,0.6538,23,0.9103,0,0,5,0.6538,422,0.7692,21,0.6795,81,0.5256,0,0.359,1614,190,0.1177,0.8205,0.6667,,
매입임대,제이엠하우스,수영구,"부산광역시 수영구 감포로 13-5(광안동,제이엠하우스)",부산광역시 수영구 감포로 13-5,다세대주택,,2017,,25.17,2,33,1,설치,17,,무주택 일반,,,,,303,2,4958000,186000,35.1596299,129.1202405,Google 건물번지,390,2.65001E+18,,,,,847,1,1794,1,839,0.9525,730,1,1781,0.5251,871,0.9355,247,1,537,1,512,1,399,1,2098,0.4405,92,0.9744,37,0.8846,11,0.6538,23,0.9103,0,0,5,0.6538,422,0.7692,21,0.6795,81,0.5256,0,0.359,1614,190,0.1177,0.8205,0.6667,,
매입임대,제이엠하우스,수영구,"부산광역시 수영구 감포로 13-5(광안동,제이엠하우스)",부산광역시 수영구 감포로 13-5,다세대주택,,2017,,25.53,2,33,1,설치,17,,무주택 일반,,,,,302,2,4958000,186000,35.1596299,129.1202405,Google 건물번지,390,2.65001E+18,,,,,847,1,1794,1,839,0.9525,730,1,1781,0.5251,871,0.9355,247,1,537,1,512,1,399,1,2098,0.4405,92,0.9744,37,0.8846,11,0.6538,23,0.9103,0,0,5,0.6538,422,0.7692,21,0.6795,81,0.5256,0,0.359,1614,190,0.1177,0.8205,0.6667,,
매입임대,제이엠하우스,수영구,"부산광역시 수영구 감포로 13-5(광안동,제이엠하우스)",부산광역시 수영구 감포로 13-5,다세대주택,,2017,,26.34,2,33,1,설치,17,,무주택 일반,,,,,301,,1880000,185000,35.1596299,129.1202405,Google 건물번지,390,2.65001E+18,,,,,847,1,1794,1,839,0.9525,730,1,1781,0.5251,871,0.9355,247,1,537,1,512,1,399,1,2098,0.4405,92,0.9744,37,0.8846,11,0.6538,23,0.9103,0,0,5,0.6538,422,0.7692,21,0.6795,81,0.5256,0,0.359,1614,190,0.1177,0.8205,0.6667,,
매입임대,제이엠하우스,수영구,"부산광역시 수영구 감포로 13-5(광안동,제이엠하우스)",부산광역시 수영구 감포로 13-5,다세대주택,,2017,,17.19,1,33,1,설치,17,,무주택 일반,,,,,208,2,4958000,186000,35.1596299,129.1202405,Google 건물번지,390,2.65001E+18,,,,,847,1,1794,1,839,0.9525,730,1,1781,0.5251,871,0.9355,247,1,537,1,512,1,399,1,2098,0.4405,92,0.9744,37,0.8846,11,0.6538,23,0.9103,0,0,5,0.6538,422,0.7692,21,0.6795,81,0.5256,0,0.359,1614,190,0.1177,0.8205,0.6667,,
매입임대,제이엠하우스,수영구,"부산광역시 수영구 감포로 13-5(광안동,제이엠하우스)",부산광역시 수영구 감포로 13-5,다세대주택,,2017,,19.1,1,33,1,설치,17,,무주택 일반,,,,,207,2,4958000,186000,35.1596299,129.1202405,Google 건물번지,390,2.65001E+18,,,,,847,1,1794,1,839,0.9525,730,1,1781,0.5251,871,0.9355,247,1,537,1,512,1,399,1,2098,0.4405,92,0.9744,37,0.8846,11,0.6538,23,0.9103,0,0,5,0.6538,422,0.7692,21,0.6795,81,0.5256,0,0.359,1614,190,0.1177,0.8205,0.6667,,
매입임대,제이엠하우스,수영구,"부산광역시 수영구 감포로 13-5(광안동,제이엠하우스)",부산광역시 수영구 감포로 13-5,다세대주택,,2017,,17.88,1,33,1,설치,17,,무주택 일반,,,,,206,2,4958000,186000,35.1596299,129.1202405,Google 건물번지,390,2.65001E+18,,,,,847,1,1794,1,839,0.9525,730,1,1781,0.5251,871,0.9355,247,1,537,1,512,1,399,1,2098,0.4405,92,0.9744,37,0.8846,11,0.6538,23,0.9103,0,0,5,0.6538,422,0.7692,21,0.6795,81,0.5256,0,0.359,1614,190,0.1177,0.8205,0.6667,,
매입임대,제이엠하우스,수영구,"부산광역시 수영구 감포로 13-5(광안동,제이엠하우스)",부산광역시 수영구 감포로 13-5,다세대주택,,2017,,17.88,1,33,1,설치,17,,무주택 일반,,,,,205,2,4958000,186000,35.1596299,129.1202405,Google 건물번지,390,2.65001E+18,,,,,847,1,1794,1,839,0.9525,730,1,1781,0.5251,871,0.9355,247,1,537,1,512,1,399,1,2098,0.4405,92,0.9744,37,0.8846,11,0.6538,23,0.9103,0,0,5,0.6538,422,0.7692,21,0.6795,81,0.5256,0,0.359,1614,190,0.1177,0.8205,0.6667,,
매입임대,제이엠하우스,수영구,"부산광역시 수영구 감포로 13-5(광안동,제이엠하우스)",부산광역시 수영구 감포로 13-5,다세대주택,,2017,,17.88,1,33,1,설치,17,,무주택 일반,,,,,204,2,4958000,186000,35.1596299,129.1202405,Google 건물번지,390,2.65001E+18,,,,,847,1,1794,1,839,0.9525,730,1,1781,0.5251,871,0.9355,247,1,537,1,512,1,399,1,2098,0.4405,92,0.9744,37,0.8846,11,0.6538,23,0.9103,0,0,5,0.6538,422,0.7692,21,0.6795,81,0.5256,0,0.359,1614,190,0.1177,0.8205,0.6667,,
매입임대,제이엠하우스,수영구,"부산광역시 수영구 감포로 13-5(광안동,제이엠하우스)",부산광역시 수영구 감포로 13-5,다세대주택,,2017,,25.17,2,33,1,설치,17,,무주택 일반,,,,,203,2,4958000,186000,35.1596299,129.1202405,Google 건물번지,390,2.65001E+18,,,,,847,1,1794,1,839,0.9525,730,1,1781,0.5251,871,0.9355,247,1,537,1,512,1,399,1,2098,0.4405,92,0.9744,37,0.8846,11,0.6538,23,0.9103,0,0,5,0.6538,422,0.7692,21,0.6795,81,0.5256,0,0.359,1614,190,0.1177,0.8205,0.6667,,
매입임대,광안지음,수영구,"부산광역시 수영구 수영로 542(광안동,광안지음 주상복합)",부산광역시 수영구 수영로 542,오피스텔,,2019,,40.54,2,52,1,설치,50,,무주택 일반,,,,,803,,45534000,323000,35.1540227,129.1124766,Google 건물번지,1839,2.65001E+18,,,,,594,1,1203,1,1117,0.8043,613,1,609,1,563,1,262,1,226,1,671,1,679,1,1398,0.6544,77,0.8718,25,0.6026,5,0.3205,14,0.359,0,0,5,0.6538,279,0.5385,22,0.7564,69,0.359,0,0.359,1296,125,0.0965,0.5641,0.4872,,
매입임대,광안지음,수영구,"부산광역시 수영구 수영로 542(광안동,광안지음 주상복합)",부산광역시 수영구 수영로 542,오피스텔,,2019,,40.54,2,52,1,설치,50,,무주택 일반,,,,,1003,,45534000,323000,35.1540227,129.1124766,Google 건물번지,1839,2.65001E+18,,,,,594,1,1203,1,1117,0.8043,613,1,609,1,563,1,262,1,226,1,671,1,679,1,1398,0.6544,77,0.8718,25,0.6026,5,0.3205,14,0.359,0,0,5,0.6538,279,0.5385,22,0.7564,69,0.359,0,0.359,1296,125,0.0965,0.5641,0.4872,,
매입임대,광안지음,수영구,"부산광역시 수영구 수영로 542(광안동,광안지음 주상복합)",부산광역시 수영구 수영로 542,오피스텔,,2019,,63.96,2,52,1,설치,50,,무주택 일반,,,,,1004,,45534000,323000,35.1540227,129.1124766,Google 건물번지,1839,2.65001E+18,,,,,594,1,1203,1,1117,0.8043,613,1,609,1,563,1,262,1,226,1,671,1,679,1,1398,0.6544,77,0.8718,25,0.6026,5,0.3205,14,0.359,0,0,5,0.6538,279,0.5385,22,0.7564,69,0.359,0,0.359,1296,125,0.0965,0.5641,0.4872,,
매입임대,광안지음,수영구,"부산광역시 수영구 수영로 542(광안동,광안지음 주상복합)",부산광역시 수영구 수영로 542,오피스텔,,2019,,40.54,2,52,1,설치,50,,무주택 일반,,,,,1103,,45534000,323000,35.1540227,129.1124766,Google 건물번지,1839,2.65001E+18,,,,,594,1,1203,1,1117,0.8043,613,1,609,1,563,1,262,1,226,1,671,1,679,1,1398,0.6544,77,0.8718,25,0.6026,5,0.3205,14,0.359,0,0,5,0.6538,279,0.5385,22,0.7564,69,0.359,0,0.359,1296,125,0.0965,0.5641,0.4872,,
매입임대,광안지음,수영구,"부산광역시 수영구 수영로 542(광안동,광안지음 주상복합)",부산광역시 수영구 수영로 542,오피스텔,,2019,,63.96,2,52,1,설치,50,,무주택 일반,,,,,1104,,45534000,323000,35.1540227,129.1124766,Google 건물번지,1839,2.65001E+18,,,,,594,1,1203,1,1117,0.8043,613,1,609,1,563,1,262,1,226,1,671,1,679,1,1398,0.6544,77,0.8718,25,0.6026,5,0.3205,14,0.359,0,0,5,0.6538,279,0.5385,22,0.7564,69,0.359,0,0.359,1296,125,0.0965,0.5641,0.4872,,
매입임대,광안지음,수영구,"부산광역시 수영구 수영로 542(광안동,광안지음 주상복합)",부산광역시 수영구 수영로 542,오피스텔,,2019,,63.96,2,52,1,설치,50,,무주택 일반,,,,,1204,,45534000,323000,35.1540227,129.1124766,Google 건물번지,1839,2.65001E+18,,,,,594,1,1203,1,1117,0.8043,613,1,609,1,563,1,262,1,226,1,671,1,679,1,1398,0.6544,77,0.8718,25,0.6026,5,0.3205,14,0.359,0,0,5,0.6538,279,0.5385,22,0.7564,69,0.359,0,0.359,1296,125,0.0965,0.5641,0.4872,,
매입임대,광안지음,수영구,"부산광역시 수영구 수영로 542(광안동,광안지음 주상복합)",부산광역시 수영구 수영로 542,오피스텔,,2019,,63.96,2,52,1,설치,50,,무주택 일반,,,,,1304,,45534000,323000,35.1540227,129.1124766,Google 건물번지,1839,2.65001E+18,,,,,594,1,1203,1,1117,0.8043,613,1,609,1,563,1,262,1,226,1,671,1,679,1,1398,0.6544,77,0.8718,25,0.6026,5,0.3205,14,0.359,0,0,5,0.6538,279,0.5385,22,0.7564,69,0.359,0,0.359,1296,125,0.0965,0.5641,0.4872,,
매입임대,광안지음,수영구,"부산광역시 수영구 수영로 542(광안동,광안지음 주상복합)",부산광역시 수영구 수영로 542,오피스텔,,2019,,63.96,2,52,1,설치,50,,무주택 일반,,,,,1404,,45534000,323000,35.1540227,129.1124766,Google 건물번지,1839,2.65001E+18,,,,,594,1,1203,1,1117,0.8043,613,1,609,1,563,1,262,1,226,1,671,1,679,1,1398,0.6544,77,0.8718,25,0.6026,5,0.3205,14,0.359,0,0,5,0.6538,279,0.5385,22,0.7564,69,0.359,0,0.359,1296,125,0.0965,0.5641,0.4872,,
매입임대,광안지음,수영구,"부산광역시 수영구 수영로 542(광안동,광안지음 주상복합)",부산광역시 수영구 수영로 542,오피스텔,,2019,,56.75,2,52,1,설치,50,,무주택 일반,,,,,1503,,45534000,323000,35.1540227,129.1124766,Google 건물번지,1839,2.65001E+18,,,,,594,1,1203,1,1117,0.8043,613,1,609,1,563,1,262,1,226,1,671,1,679,1,1398,0.6544,77,0.8718,25,0.6026,5,0.3205,14,0.359,0,0,5,0.6538,279,0.5385,22,0.7564,69,0.359,0,0.359,1296,125,0.0965,0.5641,0.4872,,
매입임대,광안지음,수영구,"부산광역시 수영구 수영로 542(광안동,광안지음 주상복합)",부산광역시 수영구 수영로 542,오피스텔,,2019,,63.96,2,52,1,설치,50,,무주택 일반,,,,,1504,,45534000,323000,35.1540227,129.1124766,Google 건물번지,1839,2.65001E+18,,,,,594,1,1203,1,1117,0.8043,613,1,609,1,563,1,262,1,226,1,671,1,679,1,1398,0.6544,77,0.8718,25,0.6026,5,0.3205,14,0.359,0,0,5,0.6538,279,0.5385,22,0.7564,69,0.359,0,0.359,1296,125,0.0965,0.5641,0.4872,,
매입임대,제이엠하우스,수영구,"부산광역시 수영구 감포로 13-5(광안동,제이엠하우스)",부산광역시 수영구 감포로 13-5,다세대주택,,2017,,84.27,2,33,1,설치,17,,무주택 일반,,,,,601,,1880000,185000,35.1596299,129.1202405,Google 건물번지,390,2.65001E+18,,,,,847,1,1794,1,839,0.9525,730,1,1781,0.5251,871,0.9355,247,1,537,1,512,1,399,1,2098,0.4405,92,0.9744,37,0.8846,11,0.6538,23,0.9103,0,0,5,0.6538,422,0.7692,21,0.6795,81,0.5256,0,0.359,1614,190,0.1177,0.8205,0.6667,,
매입임대,명성하이빌,수영구,"부산광역시 수영구 광일로 13-7(광안동,명성하이빌)",부산광역시 수영구 광일로 13-7,다세대주택,,2016,,29.79,2,31,1,설치,16,,무주택 일반,,,,,601,,2115000,149000,35.1618215,129.1125767,Google 건물번지,548,2.65001E+18,,,,,159,1,940,1,121,1,529,1,1405,0.6507,564,1,228,1,571,1,567,1,714,1,1224,0.7472,72,0.8205,37,0.8846,16,0.9103,22,0.859,0,0,7,0.9487,383,0.641,19,0.5897,101,0.7436,1,0.859,1489,172,0.1155,0.6667,0.6154,,
매입임대,명성하이빌,수영구,"부산광역시 수영구 광일로 13-7(광안동,명성하이빌)",부산광역시 수영구 광일로 13-7,다세대주택,,2016,,22.43,2,31,1,설치,16,,무주택 일반,,,,,301,,2115000,149000,35.1618215,129.1125767,Google 건물번지,548,2.65001E+18,,,,,159,1,940,1,121,1,529,1,1405,0.6507,564,1,228,1,571,1,567,1,714,1,1224,0.7472,72,0.8205,37,0.8846,16,0.9103,22,0.859,0,0,7,0.9487,383,0.641,19,0.5897,101,0.7436,1,0.859,1489,172,0.1155,0.6667,0.6154,,
매입임대,명성하이빌,수영구,"부산광역시 수영구 광일로 13-7(광안동,명성하이빌)",부산광역시 수영구 광일로 13-7,다세대주택,,2016,,24.78,2,31,1,설치,16,,무주택 일반,,,,,205,,2115000,149000,35.1618215,129.1125767,Google 건물번지,548,2.65001E+18,,,,,159,1,940,1,121,1,529,1,1405,0.6507,564,1,228,1,571,1,567,1,714,1,1224,0.7472,72,0.8205,37,0.8846,16,0.9103,22,0.859,0,0,7,0.9487,383,0.641,19,0.5897,101,0.7436,1,0.859,1489,172,0.1155,0.6667,0.6154,,
매입임대,명성하이빌,수영구,"부산광역시 수영구 광일로 13-7(광안동,명성하이빌)",부산광역시 수영구 광일로 13-7,다세대주택,,2016,,27.78,2,31,1,설치,16,,무주택 일반,,,,,305,,2115000,149000,35.1618215,129.1125767,Google 건물번지,548,2.65001E+18,,,,,159,1,940,1,121,1,529,1,1405,0.6507,564,1,228,1,571,1,567,1,714,1,1224,0.7472,72,0.8205,37,0.8846,16,0.9103,22,0.859,0,0,7,0.9487,383,0.641,19,0.5897,101,0.7436,1,0.859,1489,172,0.1155,0.6667,0.6154,,
매입임대,명성하이빌,수영구,"부산광역시 수영구 광일로 13-7(광안동,명성하이빌)",부산광역시 수영구 광일로 13-7,다세대주택,,2016,,22.43,2,31,1,설치,16,,무주택 일반,,,,,401,,2115000,149000,35.1618215,129.1125767,Google 건물번지,548,2.65001E+18,,,,,159,1,940,1,121,1,529,1,1405,0.6507,564,1,228,1,571,1,567,1,714,1,1224,0.7472,72,0.8205,37,0.8846,16,0.9103,22,0.859,0,0,7,0.9487,383,0.641,19,0.5897,101,0.7436,1,0.859,1489,172,0.1155,0.6667,0.6154,,
매입임대,명성하이빌,수영구,"부산광역시 수영구 광일로 13-7(광안동,명성하이빌)",부산광역시 수영구 광일로 13-7,다세대주택,,2016,,29.79,2,31,1,설치,16,,무주택 일반,,,,,501,,2115000,149000,35.1618215,129.1125767,Google 건물번지,548,2.65001E+18,,,,,159,1,940,1,121,1,529,1,1405,0.6507,564,1,228,1,571,1,567,1,714,1,1224,0.7472,72,0.8205,37,0.8846,16,0.9103,22,0.859,0,0,7,0.9487,383,0.641,19,0.5897,101,0.7436,1,0.859,1489,172,0.1155,0.6667,0.6154,,
매입임대,명성하이빌,수영구,"부산광역시 수영구 광일로 13-7(광안동,명성하이빌)",부산광역시 수영구 광일로 13-7,다세대주택,,2016,,24.78,2,31,1,설치,16,,무주택 일반,,,,,505,,2115000,149000,35.1618215,129.1125767,Google 건물번지,548,2.65001E+18,,,,,159,1,940,1,121,1,529,1,1405,0.6507,564,1,228,1,571,1,567,1,714,1,1224,0.7472,72,0.8205,37,0.8846,16,0.9103,22,0.859,0,0,7,0.9487,383,0.641,19,0.5897,101,0.7436,1,0.859,1489,172,0.1155,0.6667,0.6154,,
매입임대,명성하이빌,수영구,"부산광역시 수영구 광일로 13-7(광안동,명성하이빌)",부산광역시 수영구 광일로 13-7,다세대주택,,2016,,29.8,2,31,1,설치,16,,무주택 일반,,,,,602,,2115000,149000,35.1618215,129.1125767,Google 건물번지,548,2.65001E+18,,,,,159,1,940,1,121,1,529,1,1405,0.6507,564,1,228,1,571,1,567,1,714,1,1224,0.7472,72,0.8205,37,0.8846,16,0.9103,22,0.859,0,0,7,0.9487,383,0.641,19,0.5897,101,0.7436,1,0.859,1489,172,0.1155,0.6667,0.6154,,
매입임대,센텀뷰,수영구,"부산광역시 수영구 망미번영로91번길 14(망미동,센텀뷰)",부산광역시 수영구 망미번영로91번길 14,다세대주택,,2018,,21.68,1,26,1,설치,13,,무주택 일반,,,,,505,,12398000,98000,35.1756383,129.1107021,Google 건물번지,16,2.65001E+18,,,,,1339,1,752,1,683,1,590,1,1537,0.5901,339,1,494,0.8731,139,1,469,1,867,0.9376,1159,0.7819,37,0.5,19,0.4744,6,0.3846,16,0.5641,0,0,1,0.1795,229,0.4872,14,0.4487,96,0.641,0,0.359,1003,96,0.0957,0.5128,0.4615,,
매입임대,센텀뷰,수영구,"부산광역시 수영구 망미번영로91번길 14(망미동,센텀뷰)",부산광역시 수영구 망미번영로91번길 14,다세대주택,,2018,,21.28,1,26,1,설치,13,,무주택 일반,,,,,503,,12398000,98000,35.1756383,129.1107021,Google 건물번지,16,2.65001E+18,,,,,1339,1,752,1,683,1,590,1,1537,0.5901,339,1,494,0.8731,139,1,469,1,867,0.9376,1159,0.7819,37,0.5,19,0.4744,6,0.3846,16,0.5641,0,0,1,0.1795,229,0.4872,14,0.4487,96,0.641,0,0.359,1003,96,0.0957,0.5128,0.4615,,
매입임대,센텀뷰,수영구,"부산광역시 수영구 망미번영로91번길 14(망미동,센텀뷰)",부산광역시 수영구 망미번영로91번길 14,다세대주택,,2018,,15.51,1,26,1,설치,13,,무주택 일반,,,,,501,2,12398000,98000,35.1756383,129.1107021,Google 건물번지,16,2.65001E+18,,,,,1339,1,752,1,683,1,590,1,1537,0.5901,339,1,494,0.8731,139,1,469,1,867,0.9376,1159,0.7819,37,0.5,19,0.4744,6,0.3846,16,0.5641,0,0,1,0.1795,229,0.4872,14,0.4487,96,0.641,0,0.359,1003,96,0.0957,0.5128,0.4615,,
매입임대,센텀뷰,수영구,"부산광역시 수영구 망미번영로91번길 14(망미동,센텀뷰)",부산광역시 수영구 망미번영로91번길 14,다세대주택,,2018,,23.03,1,26,1,설치,13,,무주택 일반,,,,,406,,12398000,98000,35.1756383,129.1107021,Google 건물번지,16,2.65001E+18,,,,,1339,1,752,1,683,1,590,1,1537,0.5901,339,1,494,0.8731,139,1,469,1,867,0.9376,1159,0.7819,37,0.5,19,0.4744,6,0.3846,16,0.5641,0,0,1,0.1795,229,0.4872,14,0.4487,96,0.641,0,0.359,1003,96,0.0957,0.5128,0.4615,,
매입임대,센텀뷰,수영구,"부산광역시 수영구 망미번영로91번길 14(망미동,센텀뷰)",부산광역시 수영구 망미번영로91번길 14,다세대주택,,2018,,21.28,1,26,1,설치,13,,무주택 일반,,,,,403,,12398000,98000,35.1756383,129.1107021,Google 건물번지,16,2.65001E+18,,,,,1339,1,752,1,683,1,590,1,1537,0.5901,339,1,494,0.8731,139,1,469,1,867,0.9376,1159,0.7819,37,0.5,19,0.4744,6,0.3846,16,0.5641,0,0,1,0.1795,229,0.4872,14,0.4487,96,0.641,0,0.359,1003,96,0.0957,0.5128,0.4615,,
매입임대,센텀뷰,수영구,"부산광역시 수영구 망미번영로91번길 14(망미동,센텀뷰)",부산광역시 수영구 망미번영로91번길 14,다세대주택,,2018,,15.51,1,26,1,설치,13,,무주택 일반,,,,,401,2,12398000,98000,35.1756383,129.1107021,Google 건물번지,16,2.65001E+18,,,,,1339,1,752,1,683,1,590,1,1537,0.5901,339,1,494,0.8731,139,1,469,1,867,0.9376,1159,0.7819,37,0.5,19,0.4744,6,0.3846,16,0.5641,0,0,1,0.1795,229,0.4872,14,0.4487,96,0.641,0,0.359,1003,96,0.0957,0.5128,0.4615,,
매입임대,센텀뷰,수영구,"부산광역시 수영구 망미번영로91번길 14(망미동,센텀뷰)",부산광역시 수영구 망미번영로91번길 14,다세대주택,,2018,,15.51,1,26,1,설치,13,,무주택 일반,,,,,301,2,12398000,98000,35.1756383,129.1107021,Google 건물번지,16,2.65001E+18,,,,,1339,1,752,1,683,1,590,1,1537,0.5901,339,1,494,0.8731,139,1,469,1,867,0.9376,1159,0.7819,37,0.5,19,0.4744,6,0.3846,16,0.5641,0,0,1,0.1795,229,0.4872,14,0.4487,96,0.641,0,0.359,1003,96,0.0957,0.5128,0.4615,,
매입임대,센텀뷰,수영구,"부산광역시 수영구 망미번영로91번길 14(망미동,센텀뷰)",부산광역시 수영구 망미번영로91번길 14,다세대주택,,2018,,15.51,1,26,1,설치,13,,무주택 일반,,,,,207,2,12398000,98000,35.1756383,129.1107021,Google 건물번지,16,2.65001E+18,,,,,1339,1,752,1,683,1,590,1,1537,0.5901,339,1,494,0.8731,139,1,469,1,867,0.9376,1159,0.7819,37,0.5,19,0.4744,6,0.3846,16,0.5641,0,0,1,0.1795,229,0.4872,14,0.4487,96,0.641,0,0.359,1003,96,0.0957,0.5128,0.4615,,
매입임대,센텀뷰,수영구,"부산광역시 수영구 망미번영로91번길 14(망미동,센텀뷰)",부산광역시 수영구 망미번영로91번길 14,다세대주택,,2018,,15.39,1,26,1,설치,13,,무주택 일반,,,,,202,1,16157000,73000,35.1756383,129.1107021,Google 건물번지,16,2.65001E+18,,,,,1339,1,752,1,683,1,590,1,1537,0.5901,339,1,494,0.8731,139,1,469,1,867,0.9376,1159,0.7819,37,0.5,19,0.4744,6,0.3846,16,0.5641,0,0,1,0.1795,229,0.4872,14,0.4487,96,0.641,0,0.359,1003,96,0.0957,0.5128,0.4615,,
매입임대,센텀뷰,수영구,"부산광역시 수영구 망미번영로91번길 14(망미동,센텀뷰)",부산광역시 수영구 망미번영로91번길 14,다세대주택,,2018,,15.51,1,26,1,설치,13,,무주택 일반,,,,,201,2,12398000,98000,35.1756383,129.1107021,Google 건물번지,16,2.65001E+18,,,,,1339,1,752,1,683,1,590,1,1537,0.5901,339,1,494,0.8731,139,1,469,1,867,0.9376,1159,0.7819,37,0.5,19,0.4744,6,0.3846,16,0.5641,0,0,1,0.1795,229,0.4872,14,0.4487,96,0.641,0,0.359,1003,96,0.0957,0.5128,0.4615,,
매입임대,센텀뷰,수영구,"부산광역시 수영구 망미번영로91번길 14(망미동,센텀뷰)",부산광역시 수영구 망미번영로91번길 14,다세대주택,,2018,,28.26,1,26,1,설치,13,,무주택 일반,,,,,405,,12398000,98000,35.1756383,129.1107021,Google 건물번지,16,2.65001E+18,,,,,1339,1,752,1,683,1,590,1,1537,0.5901,339,1,494,0.8731,139,1,469,1,867,0.9376,1159,0.7819,37,0.5,19,0.4744,6,0.3846,16,0.5641,0,0,1,0.1795,229,0.4872,14,0.4487,96,0.641,0,0.359,1003,96,0.0957,0.5128,0.4615,,
매입임대,,수영구,"부산광역시 수영구 망미번영로91번길 14(망미동,센텀뷰)",부산광역시 수영구 망미번영로91번길 14,다세대주택,,2018,,15.51,1,26,1,설치,13,,무주택 일반,,,,,307,,,,35.1756383,129.1107021,Google 건물번지,16,2.65001E+18,,,,,1339,1,752,1,683,1,590,1,1537,0.5901,339,1,494,0.8731,139,1,469,1,867,0.9376,1159,0.7819,37,0.5,19,0.4744,6,0.3846,16,0.5641,0,0,1,0.1795,229,0.4872,14,0.4487,96,0.641,0,0.359,1003,96,0.0957,0.5128,0.4615,,
매입임대,센텀뷰,수영구,"부산광역시 수영구 망미번영로91번길 14(망미동,센텀뷰)",부산광역시 수영구 망미번영로91번길 14,다세대주택,,2018,,15.29,1,26,1,설치,13,,무주택 일반,,,,,306,2,12398000,98000,35.1756383,129.1107021,Google 건물번지,16,2.65001E+18,,,,,1339,1,752,1,683,1,590,1,1537,0.5901,339,1,494,0.8731,139,1,469,1,867,0.9376,1159,0.7819,37,0.5,19,0.4744,6,0.3846,16,0.5641,0,0,1,0.1795,229,0.4872,14,0.4487,96,0.641,0,0.359,1003,96,0.0957,0.5128,0.4615,,
매입임대,센텀뷰,수영구,"부산광역시 수영구 망미번영로91번길 14(망미동,센텀뷰)",부산광역시 수영구 망미번영로91번길 14,다세대주택,,2018,,19.09,1,26,1,설치,13,,무주택 일반,,,,,304,2,12398000,98000,35.1756383,129.1107021,Google 건물번지,16,2.65001E+18,,,,,1339,1,752,1,683,1,590,1,1537,0.5901,339,1,494,0.8731,139,1,469,1,867,0.9376,1159,0.7819,37,0.5,19,0.4744,6,0.3846,16,0.5641,0,0,1,0.1795,229,0.4872,14,0.4487,96,0.641,0,0.359,1003,96,0.0957,0.5128,0.4615,,
매입임대,센텀뷰,수영구,"부산광역시 수영구 망미번영로91번길 14(망미동,센텀뷰)",부산광역시 수영구 망미번영로91번길 14,다세대주택,,2018,,20.7,1,26,1,설치,13,,무주택 일반,,,,,303,,12398000,98000,35.1756383,129.1107021,Google 건물번지,16,2.65001E+18,,,,,1339,1,752,1,683,1,590,1,1537,0.5901,339,1,494,0.8731,139,1,469,1,867,0.9376,1159,0.7819,37,0.5,19,0.4744,6,0.3846,16,0.5641,0,0,1,0.1795,229,0.4872,14,0.4487,96,0.641,0,0.359,1003,96,0.0957,0.5128,0.4615,,
매입임대,수영역 디온플레이스 어반,수영구,부산광역시 수영구 수영로 712(광안동),부산광역시 수영구 수영로 712,오피스텔,,2021,,20.37,1,280,1,설치,184,,무주택 일반,,,,,1013,2,5071000,240000,35.1678407,129.1174069,Google 건물번지,2429,2.65001E+18,,,,,384,1,1673,1,979,0.8779,565,1,1242,0.7376,460,1,186,1,404,1,657,1,1301,0.7061,1562,0.5835,69,0.7179,29,0.6923,13,0.7692,19,0.7051,0,0,6,0.7949,482,0.9231,23,0.7949,120,0.9487,1,0.859,1724,227,0.1317,0.8462,0.7949,,
매입임대,수영역 디온플레이스 어반,수영구,부산광역시 수영구 수영로 712(광안동),부산광역시 수영구 수영로 712,오피스텔,,2021,,20.37,1,280,1,설치,184,,무주택 일반,,,,,1014,2,5071000,240000,35.1678407,129.1174069,Google 건물번지,2429,2.65001E+18,,,,,384,1,1673,1,979,0.8779,565,1,1242,0.7376,460,1,186,1,404,1,657,1,1301,0.7061,1562,0.5835,69,0.7179,29,0.6923,13,0.7692,19,0.7051,0,0,6,0.7949,482,0.9231,23,0.7949,120,0.9487,1,0.859,1724,227,0.1317,0.8462,0.7949,,
매입임대,수영역 디온플레이스 어반,수영구,부산광역시 수영구 수영로 712(광안동),부산광역시 수영구 수영로 712,오피스텔,,2021,,20.37,1,280,1,설치,184,,무주택 일반,,,,,1015,2,5071000,240000,35.1678407,129.1174069,Google 건물번지,2429,2.65001E+18,,,,,384,1,1673,1,979,0.8779,565,1,1242,0.7376,460,1,186,1,404,1,657,1,1301,0.7061,1562,0.5835,69,0.7179,29,0.6923,13,0.7692,19,0.7051,0,0,6,0.7949,482,0.9231,23,0.7949,120,0.9487,1,0.859,1724,227,0.1317,0.8462,0.7949,,
매입임대,수영역 디온플레이스 어반,수영구,부산광역시 수영구 수영로 712(광안동),부산광역시 수영구 수영로 712,오피스텔,,2021,,20.37,2,280,1,설치,184,,무주택 일반,,,,,1217,2,5071000,240000,35.1678407,129.1174069,Google 건물번지,2429,2.65001E+18,,,,,384,1,1673,1,979,0.8779,565,1,1242,0.7376,460,1,186,1,404,1,657,1,1301,0.7061,1562,0.5835,69,0.7179,29,0.6923,13,0.7692,19,0.7051,0,0,6,0.7949,482,0.9231,23,0.7949,120,0.9487,1,0.859,1724,227,0.1317,0.8462,0.7949,,
매입임대,수영역 디온플레이스 어반,수영구,부산광역시 수영구 수영로 712(광안동),부산광역시 수영구 수영로 712,오피스텔,,2021,,20.37,2,280,1,설치,184,,무주택 일반,,,,,1216,2,5071000,240000,35.1678407,129.1174069,Google 건물번지,2429,2.65001E+18,,,,,384,1,1673,1,979,0.8779,565,1,1242,0.7376,460,1,186,1,404,1,657,1,1301,0.7061,1562,0.5835,69,0.7179,29,0.6923,13,0.7692,19,0.7051,0,0,6,0.7949,482,0.9231,23,0.7949,120,0.9487,1,0.859,1724,227,0.1317,0.8462,0.7949,,
매입임대,수영역 디온플레이스 어반,수영구,부산광역시 수영구 수영로 712(광안동),부산광역시 수영구 수영로 712,오피스텔,,2021,,20.37,2,280,1,설치,184,,무주택 일반,,,,,1215,2,5071000,240000,35.1678407,129.1174069,Google 건물번지,2429,2.65001E+18,,,,,384,1,1673,1,979,0.8779,565,1,1242,0.7376,460,1,186,1,404,1,657,1,1301,0.7061,1562,0.5835,69,0.7179,29,0.6923,13,0.7692,19,0.7051,0,0,6,0.7949,482,0.9231,23,0.7949,120,0.9487,1,0.859,1724,227,0.1317,0.8462,0.7949,,
매입임대,수영역 디온플레이스 어반,수영구,부산광역시 수영구 수영로 712(광안동),부산광역시 수영구 수영로 712,오피스텔,,2021,,20.37,2,280,1,설치,184,,무주택 일반,,,,,1214,2,5071000,240000,35.1678407,129.1174069,Google 건물번지,2429,2.65001E+18,,,,,384,1,1673,1,979,0.8779,565,1,1242,0.7376,460,1,186,1,404,1,657,1,1301,0.7061,1562,0.5835,69,0.7179,29,0.6923,13,0.7692,19,0.7051,0,0,6,0.7949,482,0.9231,23,0.7949,120,0.9487,1,0.859,1724,227,0.1317,0.8462,0.7949,,
매입임대,수영역 디온플레이스 어반,수영구,부산광역시 수영구 수영로 712(광안동),부산광역시 수영구 수영로 712,오피스텔,,2021,,20.37,2,280,1,설치,184,,무주택 일반,,,,,1213,2,5071000,240000,35.1678407,129.1174069,Google 건물번지,2429,2.65001E+18,,,,,384,1,1673,1,979,0.8779,565,1,1242,0.7376,460,1,186,1,404,1,657,1,1301,0.7061,1562,0.5835,69,0.7179,29,0.6923,13,0.7692,19,0.7051,0,0,6,0.7949,482,0.9231,23,0.7949,120,0.9487,1,0.859,1724,227,0.1317,0.8462,0.7949,,
매입임대,수영역 디온플레이스 어반,수영구,부산광역시 수영구 수영로 712(광안동),부산광역시 수영구 수영로 712,오피스텔,,2021,,20.37,2,280,1,설치,184,,무주택 일반,,,,,1117,2,5071000,240000,35.1678407,129.1174069,Google 건물번지,2429,2.65001E+18,,,,,384,1,1673,1,979,0.8779,565,1,1242,0.7376,460,1,186,1,404,1,657,1,1301,0.7061,1562,0.5835,69,0.7179,29,0.6923,13,0.7692,19,0.7051,0,0,6,0.7949,482,0.9231,23,0.7949,120,0.9487,1,0.859,1724,227,0.1317,0.8462,0.7949,,
매입임대,수영역 디온플레이스 어반,수영구,부산광역시 수영구 수영로 712(광안동),부산광역시 수영구 수영로 712,오피스텔,,2021,,20.37,2,280,1,설치,184,,무주택 일반,,,,,1116,2,5071000,240000,35.1678407,129.1174069,Google 건물번지,2429,2.65001E+18,,,,,384,1,1673,1,979,0.8779,565,1,1242,0.7376,460,1,186,1,404,1,657,1,1301,0.7061,1562,0.5835,69,0.7179,29,0.6923,13,0.7692,19,0.7051,0,0,6,0.7949,482,0.9231,23,0.7949,120,0.9487,1,0.859,1724,227,0.1317,0.8462,0.7949,,
매입임대,수영역 디온플레이스 어반,수영구,부산광역시 수영구 수영로 712(광안동),부산광역시 수영구 수영로 712,오피스텔,,2021,,20.37,2,280,1,설치,184,,무주택 일반,,,,,1115,2,5071000,240000,35.1678407,129.1174069,Google 건물번지,2429,2.65001E+18,,,,,384,1,1673,1,979,0.8779,565,1,1242,0.7376,460,1,186,1,404,1,657,1,1301,0.7061,1562,0.5835,69,0.7179,29,0.6923,13,0.7692,19,0.7051,0,0,6,0.7949,482,0.9231,23,0.7949,120,0.9487,1,0.859,1724,227,0.1317,0.8462,0.7949,,
매입임대,수영역 디온플레이스 어반,수영구,부산광역시 수영구 수영로 712(광안동),부산광역시 수영구 수영로 712,오피스텔,,2021,,20.37,2,280,1,설치,184,,무주택 일반,,,,,1114,2,5071000,240000,35.1678407,129.1174069,Google 건물번지,2429,2.65001E+18,,,,,384,1,1673,1,979,0.8779,565,1,1242,0.7376,460,1,186,1,404,1,657,1,1301,0.7061,1562,0.5835,69,0.7179,29,0.6923,13,0.7692,19,0.7051,0,0,6,0.7949,482,0.9231,23,0.7949,120,0.9487,1,0.859,1724,227,0.1317,0.8462,0.7949,,
매입임대,수영역 디온플레이스 어반,수영구,부산광역시 수영구 수영로 712(광안동),부산광역시 수영구 수영로 712,오피스텔,,2021,,20.37,2,280,1,설치,184,,무주택 일반,,,,,1113,2,5071000,240000,35.1678407,129.1174069,Google 건물번지,2429,2.65001E+18,,,,,384,1,1673,1,979,0.8779,565,1,1242,0.7376,460,1,186,1,404,1,657,1,1301,0.7061,1562,0.5835,69,0.7179,29,0.6923,13,0.7692,19,0.7051,0,0,6,0.7949,482,0.9231,23,0.7949,120,0.9487,1,0.859,1724,227,0.1317,0.8462,0.7949,,
매입임대,수영역 디온플레이스 어반,수영구,부산광역시 수영구 수영로 712(광안동),부산광역시 수영구 수영로 712,오피스텔,,2021,,20.37,2,280,1,설치,184,,무주택 일반,,,,,1017,2,5071000,240000,35.1678407,129.1174069,Google 건물번지,2429,2.65001E+18,,,,,384,1,1673,1,979,0.8779,565,1,1242,0.7376,460,1,186,1,404,1,657,1,1301,0.7061,1562,0.5835,69,0.7179,29,0.6923,13,0.7692,19,0.7051,0,0,6,0.7949,482,0.9231,23,0.7949,120,0.9487,1,0.859,1724,227,0.1317,0.8462,0.7949,,
매입임대,명성하이빌,수영구,"부산광역시 수영구 광일로 13-7(광안동,명성하이빌)",부산광역시 수영구 광일로 13-7,다세대주택,,2016,,24.78,2,31,1,설치,16,,무주택 일반,,,,,405,,2115000,149000,35.1618215,129.1125767,Google 건물번지,548,2.65001E+18,,,,,159,1,940,1,121,1,529,1,1405,0.6507,564,1,228,1,571,1,567,1,714,1,1224,0.7472,72,0.8205,37,0.8846,16,0.9103,22,0.859,0,0,7,0.9487,383,0.641,19,0.5897,101,0.7436,1,0.859,1489,172,0.1155,0.6667,0.6154,,
매입임대,수영역 디온플레이스 어반,수영구,부산광역시 수영구 수영로 712(광안동),부산광역시 수영구 수영로 712,오피스텔,,2021,,20.37,1,280,1,설치,184,,무주택 일반,,,,,513,2,5071000,240000,35.1678407,129.1174069,Google 건물번지,2429,2.65001E+18,,,,,384,1,1673,1,979,0.8779,565,1,1242,0.7376,460,1,186,1,404,1,657,1,1301,0.7061,1562,0.5835,69,0.7179,29,0.6923,13,0.7692,19,0.7051,0,0,6,0.7949,482,0.9231,23,0.7949,120,0.9487,1,0.859,1724,227,0.1317,0.8462,0.7949,,
매입임대,수영역 디온플레이스 어반,수영구,부산광역시 수영구 수영로 712(광안동),부산광역시 수영구 수영로 712,오피스텔,,2021,,20.37,1,280,1,설치,184,,무주택 일반,,,,,514,2,5071000,240000,35.1678407,129.1174069,Google 건물번지,2429,2.65001E+18,,,,,384,1,1673,1,979,0.8779,565,1,1242,0.7376,460,1,186,1,404,1,657,1,1301,0.7061,1562,0.5835,69,0.7179,29,0.6923,13,0.7692,19,0.7051,0,0,6,0.7949,482,0.9231,23,0.7949,120,0.9487,1,0.859,1724,227,0.1317,0.8462,0.7949,,
매입임대,수영역 디온플레이스 어반,수영구,부산광역시 수영구 수영로 712(광안동),부산광역시 수영구 수영로 712,오피스텔,,2021,,20.37,1,280,1,설치,184,,무주택 일반,,,,,515,2,5071000,240000,35.1678407,129.1174069,Google 건물번지,2429,2.65001E+18,,,,,384,1,1673,1,979,0.8779,565,1,1242,0.7376,460,1,186,1,404,1,657,1,1301,0.7061,1562,0.5835,69,0.7179,29,0.6923,13,0.7692,19,0.7051,0,0,6,0.7949,482,0.9231,23,0.7949,120,0.9487,1,0.859,1724,227,0.1317,0.8462,0.7949,,
매입임대,수영역 디온플레이스 어반,수영구,부산광역시 수영구 수영로 712(광안동),부산광역시 수영구 수영로 712,오피스텔,,2021,,20.37,1,280,1,설치,184,,무주택 일반,,,,,516,2,5071000,240000,35.1678407,129.1174069,Google 건물번지,2429,2.65001E+18,,,,,384,1,1673,1,979,0.8779,565,1,1242,0.7376,460,1,186,1,404,1,657,1,1301,0.7061,1562,0.5835,69,0.7179,29,0.6923,13,0.7692,19,0.7051,0,0,6,0.7949,482,0.9231,23,0.7949,120,0.9487,1,0.859,1724,227,0.1317,0.8462,0.7949,,
매입임대,수영역 디온플레이스 어반,수영구,부산광역시 수영구 수영로 712(광안동),부산광역시 수영구 수영로 712,오피스텔,,2021,,20.37,1,280,1,설치,184,,무주택 일반,,,,,613,2,5071000,240000,35.1678407,129.1174069,Google 건물번지,2429,2.65001E+18,,,,,384,1,1673,1,979,0.8779,565,1,1242,0.7376,460,1,186,1,404,1,657,1,1301,0.7061,1562,0.5835,69,0.7179,29,0.6923,13,0.7692,19,0.7051,0,0,6,0.7949,482,0.9231,23,0.7949,120,0.9487,1,0.859,1724,227,0.1317,0.8462,0.7949,,
매입임대,수영역 디온플레이스 어반,수영구,부산광역시 수영구 수영로 712(광안동),부산광역시 수영구 수영로 712,오피스텔,,2021,,20.37,1,280,1,설치,184,,무주택 일반,,,,,614,2,5071000,240000,35.1678407,129.1174069,Google 건물번지,2429,2.65001E+18,,,,,384,1,1673,1,979,0.8779,565,1,1242,0.7376,460,1,186,1,404,1,657,1,1301,0.7061,1562,0.5835,69,0.7179,29,0.6923,13,0.7692,19,0.7051,0,0,6,0.7949,482,0.9231,23,0.7949,120,0.9487,1,0.859,1724,227,0.1317,0.8462,0.7949,,
매입임대,수영역 디온플레이스 어반,수영구,부산광역시 수영구 수영로 712(광안동),부산광역시 수영구 수영로 712,오피스텔,,2021,,20.37,1,280,1,설치,184,,무주택 일반,,,,,615,2,5071000,240000,35.1678407,129.1174069,Google 건물번지,2429,2.65001E+18,,,,,384,1,1673,1,979,0.8779,565,1,1242,0.7376,460,1,186,1,404,1,657,1,1301,0.7061,1562,0.5835,69,0.7179,29,0.6923,13,0.7692,19,0.7051,0,0,6,0.7949,482,0.9231,23,0.7949,120,0.9487,1,0.859,1724,227,0.1317,0.8462,0.7949,,
매입임대,수영역 디온플레이스 어반,수영구,부산광역시 수영구 수영로 712(광안동),부산광역시 수영구 수영로 712,오피스텔,,2021,,20.37,1,280,1,설치,184,,무주택 일반,,,,,616,2,5071000,240000,35.1678407,129.1174069,Google 건물번지,2429,2.65001E+18,,,,,384,1,1673,1,979,0.8779,565,1,1242,0.7376,460,1,186,1,404,1,657,1,1301,0.7061,1562,0.5835,69,0.7179,29,0.6923,13,0.7692,19,0.7051,0,0,6,0.7949,482,0.9231,23,0.7949,120,0.9487,1,0.859,1724,227,0.1317,0.8462,0.7949,,
매입임대,수영역 디온플레이스 어반,수영구,부산광역시 수영구 수영로 712(광안동),부산광역시 수영구 수영로 712,오피스텔,,2021,,20.37,1,280,1,설치,184,,무주택 일반,,,,,713,2,5071000,240000,35.1678407,129.1174069,Google 건물번지,2429,2.65001E+18,,,,,384,1,1673,1,979,0.8779,565,1,1242,0.7376,460,1,186,1,404,1,657,1,1301,0.7061,1562,0.5835,69,0.7179,29,0.6923,13,0.7692,19,0.7051,0,0,6,0.7949,482,0.9231,23,0.7949,120,0.9487,1,0.859,1724,227,0.1317,0.8462,0.7949,,
매입임대,수영역 디온플레이스 어반,수영구,부산광역시 수영구 수영로 712(광안동),부산광역시 수영구 수영로 712,오피스텔,,2021,,20.37,1,280,1,설치,184,,무주택 일반,,,,,714,2,5071000,240000,35.1678407,129.1174069,Google 건물번지,2429,2.65001E+18,,,,,384,1,1673,1,979,0.8779,565,1,1242,0.7376,460,1,186,1,404,1,657,1,1301,0.7061,1562,0.5835,69,0.7179,29,0.6923,13,0.7692,19,0.7051,0,0,6,0.7949,482,0.9231,23,0.7949,120,0.9487,1,0.859,1724,227,0.1317,0.8462,0.7949,,
매입임대,수영역 디온플레이스 어반,수영구,부산광역시 수영구 수영로 712(광안동),부산광역시 수영구 수영로 712,오피스텔,,2021,,20.37,1,280,1,설치,184,,무주택 일반,,,,,715,2,5071000,240000,35.1678407,129.1174069,Google 건물번지,2429,2.65001E+18,,,,,384,1,1673,1,979,0.8779,565,1,1242,0.7376,460,1,186,1,404,1,657,1,1301,0.7061,1562,0.5835,69,0.7179,29,0.6923,13,0.7692,19,0.7051,0,0,6,0.7949,482,0.9231,23,0.7949,120,0.9487,1,0.859,1724,227,0.1317,0.8462,0.7949,,
매입임대,수영역 디온플레이스 어반,수영구,부산광역시 수영구 수영로 712(광안동),부산광역시 수영구 수영로 712,오피스텔,,2021,,20.37,1,280,1,설치,184,,무주택 일반,,,,,716,2,5071000,240000,35.1678407,129.1174069,Google 건물번지,2429,2.65001E+18,,,,,384,1,1673,1,979,0.8779,565,1,1242,0.7376,460,1,186,1,404,1,657,1,1301,0.7061,1562,0.5835,69,0.7179,29,0.6923,13,0.7692,19,0.7051,0,0,6,0.7949,482,0.9231,23,0.7949,120,0.9487,1,0.859,1724,227,0.1317,0.8462,0.7949,,
매입임대,수영역 디온플레이스 어반,수영구,부산광역시 수영구 수영로 712(광안동),부산광역시 수영구 수영로 712,오피스텔,,2021,,20.37,1,280,1,설치,184,,무주택 일반,,,,,813,2,5071000,240000,35.1678407,129.1174069,Google 건물번지,2429,2.65001E+18,,,,,384,1,1673,1,979,0.8779,565,1,1242,0.7376,460,1,186,1,404,1,657,1,1301,0.7061,1562,0.5835,69,0.7179,29,0.6923,13,0.7692,19,0.7051,0,0,6,0.7949,482,0.9231,23,0.7949,120,0.9487,1,0.859,1724,227,0.1317,0.8462,0.7949,,
매입임대,수영역 디온플레이스 어반,수영구,부산광역시 수영구 수영로 712(광안동),부산광역시 수영구 수영로 712,오피스텔,,2021,,20.37,1,280,1,설치,184,,무주택 일반,,,,,814,2,5071000,240000,35.1678407,129.1174069,Google 건물번지,2429,2.65001E+18,,,,,384,1,1673,1,979,0.8779,565,1,1242,0.7376,460,1,186,1,404,1,657,1,1301,0.7061,1562,0.5835,69,0.7179,29,0.6923,13,0.7692,19,0.7051,0,0,6,0.7949,482,0.9231,23,0.7949,120,0.9487,1,0.859,1724,227,0.1317,0.8462,0.7949,,
매입임대,수영역 디온플레이스 어반,수영구,부산광역시 수영구 수영로 712(광안동),부산광역시 수영구 수영로 712,오피스텔,,2021,,20.37,1,280,1,설치,184,,무주택 일반,,,,,815,2,5071000,240000,35.1678407,129.1174069,Google 건물번지,2429,2.65001E+18,,,,,384,1,1673,1,979,0.8779,565,1,1242,0.7376,460,1,186,1,404,1,657,1,1301,0.7061,1562,0.5835,69,0.7179,29,0.6923,13,0.7692,19,0.7051,0,0,6,0.7949,482,0.9231,23,0.7949,120,0.9487,1,0.859,1724,227,0.1317,0.8462,0.7949,,
매입임대,수영역 디온플레이스 어반,수영구,부산광역시 수영구 수영로 712(광안동),부산광역시 수영구 수영로 712,오피스텔,,2021,,20.37,1,280,1,설치,184,,무주택 일반,,,,,816,2,5071000,240000,35.1678407,129.1174069,Google 건물번지,2429,2.65001E+18,,,,,384,1,1673,1,979,0.8779,565,1,1242,0.7376,460,1,186,1,404,1,657,1,1301,0.7061,1562,0.5835,69,0.7179,29,0.6923,13,0.7692,19,0.7051,0,0,6,0.7949,482,0.9231,23,0.7949,120,0.9487,1,0.859,1724,227,0.1317,0.8462,0.7949,,
매입임대,수영역 디온플레이스 어반,수영구,부산광역시 수영구 수영로 712(광안동),부산광역시 수영구 수영로 712,오피스텔,,2021,,20.37,1,280,1,설치,184,,무주택 일반,,,,,913,2,5071000,240000,35.1678407,129.1174069,Google 건물번지,2429,2.65001E+18,,,,,384,1,1673,1,979,0.8779,565,1,1242,0.7376,460,1,186,1,404,1,657,1,1301,0.7061,1562,0.5835,69,0.7179,29,0.6923,13,0.7692,19,0.7051,0,0,6,0.7949,482,0.9231,23,0.7949,120,0.9487,1,0.859,1724,227,0.1317,0.8462,0.7949,,
매입임대,수영역 디온플레이스 어반,수영구,부산광역시 수영구 수영로 712(광안동),부산광역시 수영구 수영로 712,오피스텔,,2021,,20.37,1,280,1,설치,184,,무주택 일반,,,,,914,2,5071000,240000,35.1678407,129.1174069,Google 건물번지,2429,2.65001E+18,,,,,384,1,1673,1,979,0.8779,565,1,1242,0.7376,460,1,186,1,404,1,657,1,1301,0.7061,1562,0.5835,69,0.7179,29,0.6923,13,0.7692,19,0.7051,0,0,6,0.7949,482,0.9231,23,0.7949,120,0.9487,1,0.859,1724,227,0.1317,0.8462,0.7949,,
매입임대,수영역 디온플레이스 어반,수영구,부산광역시 수영구 수영로 712(광안동),부산광역시 수영구 수영로 712,오피스텔,,2021,,20.37,1,280,1,설치,184,,무주택 일반,,,,,915,2,5071000,240000,35.1678407,129.1174069,Google 건물번지,2429,2.65001E+18,,,,,384,1,1673,1,979,0.8779,565,1,1242,0.7376,460,1,186,1,404,1,657,1,1301,0.7061,1562,0.5835,69,0.7179,29,0.6923,13,0.7692,19,0.7051,0,0,6,0.7949,482,0.9231,23,0.7949,120,0.9487,1,0.859,1724,227,0.1317,0.8462,0.7949,,
매입임대,베스테이25,수영구,부산광역시 수영구 무학로64번길 25(민락동),부산광역시 수영구 무학로64번길 25,다세대주택,,2022,,16.47,1,16,1,미설치,8,,무주택 일반,,,,,201,2,2000000,280000,35.1603208,129.1210826,Google 도로중심선,47,2.65001E+18,,,,,932,1,1895,1,905,0.9173,833,0.9557,1918,0.4885,996,0.8688,323,1,657,1,400,1,538,1,1973,0.4739,86,0.8974,35,0.7692,10,0.5641,23,0.9103,0,0,6,0.7949,412,0.7179,21,0.6795,78,0.4872,0,0.359,1563,187,0.1196,0.7436,0.6923,,
매입임대,베스테이25,수영구,부산광역시 수영구 무학로64번길 25(민락동),부산광역시 수영구 무학로64번길 25,다세대주택,,2022,,18.36,1,16,1,미설치,8,,무주택 일반,,,,,202,2,2000000,280000,35.1603208,129.1210826,Google 도로중심선,47,2.65001E+18,,,,,932,1,1895,1,905,0.9173,833,0.9557,1918,0.4885,996,0.8688,323,1,657,1,400,1,538,1,1973,0.4739,86,0.8974,35,0.7692,10,0.5641,23,0.9103,0,0,6,0.7949,412,0.7179,21,0.6795,78,0.4872,0,0.359,1563,187,0.1196,0.7436,0.6923,,
매입임대,베스테이25,수영구,부산광역시 수영구 무학로64번길 25(민락동),부산광역시 수영구 무학로64번길 25,다세대주택,,2022,,18.56,1,16,1,미설치,8,,무주택 일반,,,,,203,2,2000000,280000,35.1603208,129.1210826,Google 도로중심선,47,2.65001E+18,,,,,932,1,1895,1,905,0.9173,833,0.9557,1918,0.4885,996,0.8688,323,1,657,1,400,1,538,1,1973,0.4739,86,0.8974,35,0.7692,10,0.5641,23,0.9103,0,0,6,0.7949,412,0.7179,21,0.6795,78,0.4872,0,0.359,1563,187,0.1196,0.7436,0.6923,,
매입임대,베스테이25,수영구,부산광역시 수영구 무학로64번길 25(민락동),부산광역시 수영구 무학로64번길 25,다세대주택,,2022,,16.47,1,16,1,미설치,8,,무주택 일반,,,,,205,2,2000000,280000,35.1603208,129.1210826,Google 도로중심선,47,2.65001E+18,,,,,932,1,1895,1,905,0.9173,833,0.9557,1918,0.4885,996,0.8688,323,1,657,1,400,1,538,1,1973,0.4739,86,0.8974,35,0.7692,10,0.5641,23,0.9103,0,0,6,0.7949,412,0.7179,21,0.6795,78,0.4872,0,0.359,1563,187,0.1196,0.7436,0.6923,,
매입임대,베스테이25,수영구,부산광역시 수영구 무학로64번길 25(민락동),부산광역시 수영구 무학로64번길 25,다세대주택,,2022,,16.47,1,16,1,미설치,8,,무주택 일반,,,,,301,2,2000000,280000,35.1603208,129.1210826,Google 도로중심선,47,2.65001E+18,,,,,932,1,1895,1,905,0.9173,833,0.9557,1918,0.4885,996,0.8688,323,1,657,1,400,1,538,1,1973,0.4739,86,0.8974,35,0.7692,10,0.5641,23,0.9103,0,0,6,0.7949,412,0.7179,21,0.6795,78,0.4872,0,0.359,1563,187,0.1196,0.7436,0.6923,,
매입임대,베스테이25,수영구,부산광역시 수영구 무학로64번길 25(민락동),부산광역시 수영구 무학로64번길 25,다세대주택,,2022,,18.36,1,16,1,미설치,8,,무주택 일반,,,,,302,2,2000000,280000,35.1603208,129.1210826,Google 도로중심선,47,2.65001E+18,,,,,932,1,1895,1,905,0.9173,833,0.9557,1918,0.4885,996,0.8688,323,1,657,1,400,1,538,1,1973,0.4739,86,0.8974,35,0.7692,10,0.5641,23,0.9103,0,0,6,0.7949,412,0.7179,21,0.6795,78,0.4872,0,0.359,1563,187,0.1196,0.7436,0.6923,,
매입임대,베스테이25,수영구,부산광역시 수영구 무학로64번길 25(민락동),부산광역시 수영구 무학로64번길 25,다세대주택,,2022,,18.56,1,16,1,미설치,8,,무주택 일반,,,,,303,2,2000000,280000,35.1603208,129.1210826,Google 도로중심선,47,2.65001E+18,,,,,932,1,1895,1,905,0.9173,833,0.9557,1918,0.4885,996,0.8688,323,1,657,1,400,1,538,1,1973,0.4739,86,0.8974,35,0.7692,10,0.5641,23,0.9103,0,0,6,0.7949,412,0.7179,21,0.6795,78,0.4872,0,0.359,1563,187,0.1196,0.7436,0.6923,,
매입임대,베스테이25,수영구,부산광역시 수영구 무학로64번길 25(민락동),부산광역시 수영구 무학로64번길 25,다세대주택,,2022,,18.28,1,16,1,미설치,8,,무주택 일반,,,,,304,2,2000000,280000,35.1603208,129.1210826,Google 도로중심선,47,2.65001E+18,,,,,932,1,1895,1,905,0.9173,833,0.9557,1918,0.4885,996,0.8688,323,1,657,1,400,1,538,1,1973,0.4739,86,0.8974,35,0.7692,10,0.5641,23,0.9103,0,0,6,0.7949,412,0.7179,21,0.6795,78,0.4872,0,0.359,1563,187,0.1196,0.7436,0.6923,,
매입임대,베스테이25,수영구,부산광역시 수영구 무학로64번길 25(민락동),부산광역시 수영구 무학로64번길 25,다세대주택,,2022,,16.47,1,16,1,미설치,8,,무주택 일반,,,,,305,2,2000000,280000,35.1603208,129.1210826,Google 도로중심선,47,2.65001E+18,,,,,932,1,1895,1,905,0.9173,833,0.9557,1918,0.4885,996,0.8688,323,1,657,1,400,1,538,1,1973,0.4739,86,0.8974,35,0.7692,10,0.5641,23,0.9103,0,0,6,0.7949,412,0.7179,21,0.6795,78,0.4872,0,0.359,1563,187,0.1196,0.7436,0.6923,,
매입임대,베스테이25,수영구,부산광역시 수영구 무학로64번길 25(민락동),부산광역시 수영구 무학로64번길 25,다세대주택,,2022,,16.47,1,16,1,미설치,8,,무주택 일반,,,,,401,2,2000000,280000,35.1603208,129.1210826,Google 도로중심선,47,2.65001E+18,,,,,932,1,1895,1,905,0.9173,833,0.9557,1918,0.4885,996,0.8688,323,1,657,1,400,1,538,1,1973,0.4739,86,0.8974,35,0.7692,10,0.5641,23,0.9103,0,0,6,0.7949,412,0.7179,21,0.6795,78,0.4872,0,0.359,1563,187,0.1196,0.7436,0.6923,,
매입임대,베스테이25,수영구,부산광역시 수영구 무학로64번길 25(민락동),부산광역시 수영구 무학로64번길 25,다세대주택,,2022,,22.66,1,16,1,미설치,8,,무주택 일반,,,,,402,2,2000000,280000,35.1603208,129.1210826,Google 도로중심선,47,2.65001E+18,,,,,932,1,1895,1,905,0.9173,833,0.9557,1918,0.4885,996,0.8688,323,1,657,1,400,1,538,1,1973,0.4739,86,0.8974,35,0.7692,10,0.5641,23,0.9103,0,0,6,0.7949,412,0.7179,21,0.6795,78,0.4872,0,0.359,1563,187,0.1196,0.7436,0.6923,,
매입임대,베스테이25,수영구,부산광역시 수영구 무학로64번길 25(민락동),부산광역시 수영구 무학로64번길 25,다세대주택,,2022,,29.02,1,16,1,미설치,8,,무주택 일반,,,,,403,2,2000000,280000,35.1603208,129.1210826,Google 도로중심선,47,2.65001E+18,,,,,932,1,1895,1,905,0.9173,833,0.9557,1918,0.4885,996,0.8688,323,1,657,1,400,1,538,1,1973,0.4739,86,0.8974,35,0.7692,10,0.5641,23,0.9103,0,0,6,0.7949,412,0.7179,21,0.6795,78,0.4872,0,0.359,1563,187,0.1196,0.7436,0.6923,,
매입임대,베스테이25,수영구,부산광역시 수영구 무학로64번길 25(민락동),부산광역시 수영구 무학로64번길 25,다세대주택,,2022,,16.47,1,16,1,미설치,8,,무주택 일반,,,,,501,2,2000000,280000,35.1603208,129.1210826,Google 도로중심선,47,2.65001E+18,,,,,932,1,1895,1,905,0.9173,833,0.9557,1918,0.4885,996,0.8688,323,1,657,1,400,1,538,1,1973,0.4739,86,0.8974,35,0.7692,10,0.5641,23,0.9103,0,0,6,0.7949,412,0.7179,21,0.6795,78,0.4872,0,0.359,1563,187,0.1196,0.7436,0.6923,,
매입임대,베스테이25,수영구,부산광역시 수영구 무학로64번길 25(민락동),부산광역시 수영구 무학로64번길 25,다세대주택,,2022,,22.66,1,16,1,미설치,8,,무주택 일반,,,,,502,2,2000000,280000,35.1603208,129.1210826,Google 도로중심선,47,2.65001E+18,,,,,932,1,1895,1,905,0.9173,833,0.9557,1918,0.4885,996,0.8688,323,1,657,1,400,1,538,1,1973,0.4739,86,0.8974,35,0.7692,10,0.5641,23,0.9103,0,0,6,0.7949,412,0.7179,21,0.6795,78,0.4872,0,0.359,1563,187,0.1196,0.7436,0.6923,,
매입임대,베스테이25,수영구,부산광역시 수영구 무학로64번길 25(민락동),부산광역시 수영구 무학로64번길 25,다세대주택,,2022,,18.78,1,16,1,미설치,8,,무주택 일반,,,,,503,2,2000000,280000,35.1603208,129.1210826,Google 도로중심선,47,2.65001E+18,,,,,932,1,1895,1,905,0.9173,833,0.9557,1918,0.4885,996,0.8688,323,1,657,1,400,1,538,1,1973,0.4739,86,0.8974,35,0.7692,10,0.5641,23,0.9103,0,0,6,0.7949,412,0.7179,21,0.6795,78,0.4872,0,0.359,1563,187,0.1196,0.7436,0.6923,,
매입임대,수영역 디온플레이스 어반,수영구,부산광역시 수영구 수영로 712(광안동),부산광역시 수영구 수영로 712,오피스텔,,2021,,20.37,1,280,1,설치,184,,무주택 일반,,,,,617,2,5071000,240000,35.1678407,129.1174069,Google 건물번지,2429,2.65001E+18,,,,,384,1,1673,1,979,0.8779,565,1,1242,0.7376,460,1,186,1,404,1,657,1,1301,0.7061,1562,0.5835,69,0.7179,29,0.6923,13,0.7692,19,0.7051,0,0,6,0.7949,482,0.9231,23,0.7949,120,0.9487,1,0.859,1724,227,0.1317,0.8462,0.7949,,
매입임대,베스테이25,수영구,부산광역시 수영구 무학로64번길 25(민락동),부산광역시 수영구 무학로64번길 25,다세대주택,,2022,,18.28,1,16,1,미설치,8,,무주택 일반,,,,,204,2,2000000,280000,35.1603208,129.1210826,Google 도로중심선,47,2.65001E+18,,,,,932,1,1895,1,905,0.9173,833,0.9557,1918,0.4885,996,0.8688,323,1,657,1,400,1,538,1,1973,0.4739,86,0.8974,35,0.7692,10,0.5641,23,0.9103,0,0,6,0.7949,412,0.7179,21,0.6795,78,0.4872,0,0.359,1563,187,0.1196,0.7436,0.6923,,
매입임대,제이엠하우스,수영구,"부산광역시 수영구 감포로 13-5(광안동,제이엠하우스)",부산광역시 수영구 감포로 13-5,다세대주택,,2017,,17.88,1,33,1,설치,17,,무주택 일반,,,,,405,2,4958000,186000,35.1596299,129.1202405,Google 건물번지,390,2.65001E+18,,,,,847,1,1794,1,839,0.9525,730,1,1781,0.5251,871,0.9355,247,1,537,1,512,1,399,1,2098,0.4405,92,0.9744,37,0.8846,11,0.6538,23,0.9103,0,0,5,0.6538,422,0.7692,21,0.6795,81,0.5256,0,0.359,1614,190,0.1177,0.8205,0.6667,,
매입임대,수영역 디온플레이스 어반,수영구,부산광역시 수영구 수영로 712(광안동),부산광역시 수영구 수영로 712,오피스텔,,2021,,21.29,1,280,1,설치,184,,무주택 일반,,,,,404,2,5071000,240000,35.1678407,129.1174069,Google 건물번지,2429,2.65001E+18,,,,,384,1,1673,1,979,0.8779,565,1,1242,0.7376,460,1,186,1,404,1,657,1,1301,0.7061,1562,0.5835,69,0.7179,29,0.6923,13,0.7692,19,0.7051,0,0,6,0.7949,482,0.9231,23,0.7949,120,0.9487,1,0.859,1724,227,0.1317,0.8462,0.7949,,
매입임대,수영역 디온플레이스 어반,수영구,부산광역시 수영구 수영로 712(광안동),부산광역시 수영구 수영로 712,오피스텔,,2021,,20.37,1,280,1,설치,184,,무주택 일반,,,,,618,1,1295000,242000,35.1678407,129.1174069,Google 건물번지,2429,2.65001E+18,,,,,384,1,1673,1,979,0.8779,565,1,1242,0.7376,460,1,186,1,404,1,657,1,1301,0.7061,1562,0.5835,69,0.7179,29,0.6923,13,0.7692,19,0.7051,0,0,6,0.7949,482,0.9231,23,0.7949,120,0.9487,1,0.859,1724,227,0.1317,0.8462,0.7949,,
매입임대,,수영구,부산광역시 수영구 수영로 712(광안동),부산광역시 수영구 수영로 712,오피스텔,,2021,,25.68,1,280,1,설치,184,,무주택 일반,,,,,1407,,,,35.1678407,129.1174069,Google 건물번지,2429,2.65001E+18,,,,,384,1,1673,1,979,0.8779,565,1,1242,0.7376,460,1,186,1,404,1,657,1,1301,0.7061,1562,0.5835,69,0.7179,29,0.6923,13,0.7692,19,0.7051,0,0,6,0.7949,482,0.9231,23,0.7949,120,0.9487,1,0.859,1724,227,0.1317,0.8462,0.7949,,
매입임대,수영역 디온플레이스 어반,수영구,부산광역시 수영구 수영로 712(광안동),부산광역시 수영구 수영로 712,오피스텔,,2021,,21.29,1,280,1,설치,184,,무주택 일반,,,,,403,1,1295000,242000,35.1678407,129.1174069,Google 건물번지,2429,2.65001E+18,,,,,384,1,1673,1,979,0.8779,565,1,1242,0.7376,460,1,186,1,404,1,657,1,1301,0.7061,1562,0.5835,69,0.7179,29,0.6923,13,0.7692,19,0.7051,0,0,6,0.7949,482,0.9231,23,0.7949,120,0.9487,1,0.859,1724,227,0.1317,0.8462,0.7949,,
매입임대,수영역 디온플레이스 어반,수영구,부산광역시 수영구 수영로 712(광안동),부산광역시 수영구 수영로 712,오피스텔,,2021,,21.09,1,280,1,설치,184,,무주택 일반,,,,,504,2,5071000,240000,35.1678407,129.1174069,Google 건물번지,2429,2.65001E+18,,,,,384,1,1673,1,979,0.8779,565,1,1242,0.7376,460,1,186,1,404,1,657,1,1301,0.7061,1562,0.5835,69,0.7179,29,0.6923,13,0.7692,19,0.7051,0,0,6,0.7949,482,0.9231,23,0.7949,120,0.9487,1,0.859,1724,227,0.1317,0.8462,0.7949,,
매입임대,,수영구,부산광역시 수영구 수영로 712(광안동),부산광역시 수영구 수영로 712,오피스텔,,2021,,20.37,1,280,1,설치,184,,무주택 일반,,,,,916,,,,35.1678407,129.1174069,Google 건물번지,2429,2.65001E+18,,,,,384,1,1673,1,979,0.8779,565,1,1242,0.7376,460,1,186,1,404,1,657,1,1301,0.7061,1562,0.5835,69,0.7179,29,0.6923,13,0.7692,19,0.7051,0,0,6,0.7949,482,0.9231,23,0.7949,120,0.9487,1,0.859,1724,227,0.1317,0.8462,0.7949,,
매입임대,수영역 디온플레이스 어반,수영구,부산광역시 수영구 수영로 712(광안동),부산광역시 수영구 수영로 712,오피스텔,,2021,,20.37,1,280,1,설치,184,,무주택 일반,,,,,917,1,1295000,242000,35.1678407,129.1174069,Google 건물번지,2429,2.65001E+18,,,,,384,1,1673,1,979,0.8779,565,1,1242,0.7376,460,1,186,1,404,1,657,1,1301,0.7061,1562,0.5835,69,0.7179,29,0.6923,13,0.7692,19,0.7051,0,0,6,0.7949,482,0.9231,23,0.7949,120,0.9487,1,0.859,1724,227,0.1317,0.8462,0.7949,,
매입임대,수영역 디온플레이스 어반,수영구,부산광역시 수영구 수영로 712(광안동),부산광역시 수영구 수영로 712,오피스텔,,2021,,21.29,1,280,1,설치,184,,무주택 일반,,,,,1206,2,5071000,240000,35.1678407,129.1174069,Google 건물번지,2429,2.65001E+18,,,,,384,1,1673,1,979,0.8779,565,1,1242,0.7376,460,1,186,1,404,1,657,1,1301,0.7061,1562,0.5835,69,0.7179,29,0.6923,13,0.7692,19,0.7051,0,0,6,0.7949,482,0.9231,23,0.7949,120,0.9487,1,0.859,1724,227,0.1317,0.8462,0.7949,,
매입임대,수영역 디온플레이스 어반,수영구,부산광역시 수영구 수영로 712(광안동),부산광역시 수영구 수영로 712,오피스텔,,2021,,20.37,1,280,1,설치,184,,무주택 일반,,,,,1313,1,1295000,242000,35.1678407,129.1174069,Google 건물번지,2429,2.65001E+18,,,,,384,1,1673,1,979,0.8779,565,1,1242,0.7376,460,1,186,1,404,1,657,1,1301,0.7061,1562,0.5835,69,0.7179,29,0.6923,13,0.7692,19,0.7051,0,0,6,0.7949,482,0.9231,23,0.7949,120,0.9487,1,0.859,1724,227,0.1317,0.8462,0.7949,,
매입임대,,수영구,부산광역시 수영구 수영로 712(광안동),부산광역시 수영구 수영로 712,오피스텔,,2021,,20.37,1,280,1,설치,184,,무주택 일반,,,,,1414,,,,35.1678407,129.1174069,Google 건물번지,2429,2.65001E+18,,,,,384,1,1673,1,979,0.8779,565,1,1242,0.7376,460,1,186,1,404,1,657,1,1301,0.7061,1562,0.5835,69,0.7179,29,0.6923,13,0.7692,19,0.7051,0,0,6,0.7949,482,0.9231,23,0.7949,120,0.9487,1,0.859,1724,227,0.1317,0.8462,0.7949,,
매입임대,,수영구,부산광역시 수영구 수영로666번길 6(광안동),부산광역시 수영구 수영로666번길 6,오피스텔,,2020,,25.21,1,675,1,설치,371,,무주택 일반,,,,,618,,,,35.1649409,129.1151477,Google 건물번지,121,2.65001E+18,,,,,281,1,1408,1,490,1,856,0.9435,1733,0.5379,89,1,373,1,231,1,343,1,1141,0.7915,1319,0.6965,69,0.7179,39,0.9744,19,0.9872,25,1,0,0,6,0.7949,527,1,27,0.9872,122,0.9744,1,0.859,1906,244,0.128,1,0.7692,,
매입임대,,수영구,부산광역시 수영구 수영로 712(광안동),부산광역시 수영구 수영로 712,오피스텔,,2021,,25.68,1,280,1,설치,184,,무주택 일반,,,,,407,,,,35.1678407,129.1174069,Google 건물번지,2429,2.65001E+18,,,,,384,1,1673,1,979,0.8779,565,1,1242,0.7376,460,1,186,1,404,1,657,1,1301,0.7061,1562,0.5835,69,0.7179,29,0.6923,13,0.7692,19,0.7051,0,0,6,0.7949,482,0.9231,23,0.7949,120,0.9487,1,0.859,1724,227,0.1317,0.8462,0.7949,,
매입임대,,수영구,부산광역시 수영구 수영로666번길 6(광안동),부산광역시 수영구 수영로666번길 6,오피스텔,,2020,,25.21,1,675,1,설치,371,,무주택 일반,,,,,1318,,,,35.1649409,129.1151477,Google 건물번지,121,2.65001E+18,,,,,281,1,1408,1,490,1,856,0.9435,1733,0.5379,89,1,373,1,231,1,343,1,1141,0.7915,1319,0.6965,69,0.7179,39,0.9744,19,0.9872,25,1,0,0,6,0.7949,527,1,27,0.9872,122,0.9744,1,0.859,1906,244,0.128,1,0.7692,,
매입임대,,수영구,부산광역시 수영구 수영로666번길 6(광안동),부산광역시 수영구 수영로666번길 6,오피스텔,,2020,,25.21,1,675,1,설치,371,,무주택 일반,,,,,1622,,,,35.1649409,129.1151477,Google 건물번지,121,2.65001E+18,,,,,281,1,1408,1,490,1,856,0.9435,1733,0.5379,89,1,373,1,231,1,343,1,1141,0.7915,1319,0.6965,69,0.7179,39,0.9744,19,0.9872,25,1,0,0,6,0.7949,527,1,27,0.9872,122,0.9744,1,0.859,1906,244,0.128,1,0.7692,,
매입임대,수영역 디온플레이스 어반,수영구,부산광역시 수영구 수영로 712(광안동),부산광역시 수영구 수영로 712,오피스텔,,2021,,21.29,1,280,1,설치,184,,무주택 일반,,,,,402,1,1295000,242000,35.1678407,129.1174069,Google 건물번지,2429,2.65001E+18,,,,,384,1,1673,1,979,0.8779,565,1,1242,0.7376,460,1,186,1,404,1,657,1,1301,0.7061,1562,0.5835,69,0.7179,29,0.6923,13,0.7692,19,0.7051,0,0,6,0.7949,482,0.9231,23,0.7949,120,0.9487,1,0.859,1724,227,0.1317,0.8462,0.7949,,
매입임대,수영역 디온플레이스 어반,수영구,부산광역시 수영구 수영로 712(광안동),부산광역시 수영구 수영로 712,오피스텔,,2021,,21.29,1,280,1,설치,184,,무주택 일반,,,,,1008,2,5071000,240000,35.1678407,129.1174069,Google 건물번지,2429,2.65001E+18,,,,,384,1,1673,1,979,0.8779,565,1,1242,0.7376,460,1,186,1,404,1,657,1,1301,0.7061,1562,0.5835,69,0.7179,29,0.6923,13,0.7692,19,0.7051,0,0,6,0.7949,482,0.9231,23,0.7949,120,0.9487,1,0.859,1724,227,0.1317,0.8462,0.7949,,
매입임대,수영역 디온플레이스 어반,수영구,부산광역시 수영구 수영로 712(광안동),부산광역시 수영구 수영로 712,오피스텔,,2021,,20.37,1,280,1,설치,184,,무주택 일반,,,,,1315,2,5071000,240000,35.1678407,129.1174069,Google 건물번지,2429,2.65001E+18,,,,,384,1,1673,1,979,0.8779,565,1,1242,0.7376,460,1,186,1,404,1,657,1,1301,0.7061,1562,0.5835,69,0.7179,29,0.6923,13,0.7692,19,0.7051,0,0,6,0.7949,482,0.9231,23,0.7949,120,0.9487,1,0.859,1724,227,0.1317,0.8462,0.7949,,
매입임대,수영역 디온플레이스 어반,수영구,부산광역시 수영구 수영로 712(광안동),부산광역시 수영구 수영로 712,오피스텔,,2021,,21.29,1,280,1,설치,184,,무주택 일반,,,,,1405,1,1295000,242000,35.1678407,129.1174069,Google 건물번지,2429,2.65001E+18,,,,,384,1,1673,1,979,0.8779,565,1,1242,0.7376,460,1,186,1,404,1,657,1,1301,0.7061,1562,0.5835,69,0.7179,29,0.6923,13,0.7692,19,0.7051,0,0,6,0.7949,482,0.9231,23,0.7949,120,0.9487,1,0.859,1724,227,0.1317,0.8462,0.7949,,
매입임대,,수영구,부산광역시 수영구 수영로 712(광안동),부산광역시 수영구 수영로 712,오피스텔,,2021,,25.68,1,280,1,설치,184,,무주택 일반,,,,,707,,,,35.1678407,129.1174069,Google 건물번지,2429,2.65001E+18,,,,,384,1,1673,1,979,0.8779,565,1,1242,0.7376,460,1,186,1,404,1,657,1,1301,0.7061,1562,0.5835,69,0.7179,29,0.6923,13,0.7692,19,0.7051,0,0,6,0.7949,482,0.9231,23,0.7949,120,0.9487,1,0.859,1724,227,0.1317,0.8462,0.7949,,
매입임대,수영역 디온플레이스 어반,수영구,부산광역시 수영구 수영로 712(광안동),부산광역시 수영구 수영로 712,오피스텔,,2021,,25.68,1,280,1,설치,184,,무주택 일반,,,,,807,2,5071000,240000,35.1678407,129.1174069,Google 건물번지,2429,2.65001E+18,,,,,384,1,1673,1,979,0.8779,565,1,1242,0.7376,460,1,186,1,404,1,657,1,1301,0.7061,1562,0.5835,69,0.7179,29,0.6923,13,0.7692,19,0.7051,0,0,6,0.7949,482,0.9231,23,0.7949,120,0.9487,1,0.859,1724,227,0.1317,0.8462,0.7949,,
매입임대,,수영구,부산광역시 수영구 수영로 712(광안동),부산광역시 수영구 수영로 712,오피스텔,,2021,,25.68,1,280,1,설치,184,,무주택 일반,,,,,1207,,,,35.1678407,129.1174069,Google 건물번지,2429,2.65001E+18,,,,,384,1,1673,1,979,0.8779,565,1,1242,0.7376,460,1,186,1,404,1,657,1,1301,0.7061,1562,0.5835,69,0.7179,29,0.6923,13,0.7692,19,0.7051,0,0,6,0.7949,482,0.9231,23,0.7949,120,0.9487,1,0.859,1724,227,0.1317,0.8462,0.7949,,
매입임대,수영역 디온플레이스 어반,수영구,부산광역시 수영구 수영로 712(광안동),부산광역시 수영구 수영로 712,오피스텔,,2021,,25.68,1,280,1,설치,184,,무주택 일반,,,,,1607,1,1295000,242000,35.1678407,129.1174069,Google 건물번지,2429,2.65001E+18,,,,,384,1,1673,1,979,0.8779,565,1,1242,0.7376,460,1,186,1,404,1,657,1,1301,0.7061,1562,0.5835,69,0.7179,29,0.6923,13,0.7692,19,0.7051,0,0,6,0.7949,482,0.9231,23,0.7949,120,0.9487,1,0.859,1724,227,0.1317,0.8462,0.7949,,
매입임대,수영역 디온플레이스 어반,수영구,부산광역시 수영구 수영로 712(광안동),부산광역시 수영구 수영로 712,오피스텔,,2021,,20.48,1,280,1,설치,184,,무주택 일반,,,,,1818,1,1295000,242000,35.1678407,129.1174069,Google 건물번지,2429,2.65001E+18,,,,,384,1,1673,1,979,0.8779,565,1,1242,0.7376,460,1,186,1,404,1,657,1,1301,0.7061,1562,0.5835,69,0.7179,29,0.6923,13,0.7692,19,0.7051,0,0,6,0.7949,482,0.9231,23,0.7949,120,0.9487,1,0.859,1724,227,0.1317,0.8462,0.7949,,
매입임대,수영역 디온플레이스 어반,수영구,부산광역시 수영구 수영로 712(광안동),부산광역시 수영구 수영로 712,오피스텔,,2021,,25.68,1,280,1,설치,184,,무주택 일반,,,,,507,2,5071000,240000,35.1678407,129.1174069,Google 건물번지,2429,2.65001E+18,,,,,384,1,1673,1,979,0.8779,565,1,1242,0.7376,460,1,186,1,404,1,657,1,1301,0.7061,1562,0.5835,69,0.7179,29,0.6923,13,0.7692,19,0.7051,0,0,6,0.7949,482,0.9231,23,0.7949,120,0.9487,1,0.859,1724,227,0.1317,0.8462,0.7949,,
매입임대,수영역 디온플레이스 어반,수영구,부산광역시 수영구 수영로 712(광안동),부산광역시 수영구 수영로 712,오피스텔,,2021,,20.37,1,280,1,설치,184,,무주택 일반,,,,,717,1,1295000,242000,35.1678407,129.1174069,Google 건물번지,2429,2.65001E+18,,,,,384,1,1673,1,979,0.8779,565,1,1242,0.7376,460,1,186,1,404,1,657,1,1301,0.7061,1562,0.5835,69,0.7179,29,0.6923,13,0.7692,19,0.7051,0,0,6,0.7949,482,0.9231,23,0.7949,120,0.9487,1,0.859,1724,227,0.1317,0.8462,0.7949,,
매입임대,수영역 디온플레이스 어반,수영구,부산광역시 수영구 수영로 712(광안동),부산광역시 수영구 수영로 712,오피스텔,,2021,,20.37,1,280,1,설치,184,,무주택 일반,,,,,718,1,1295000,242000,35.1678407,129.1174069,Google 건물번지,2429,2.65001E+18,,,,,384,1,1673,1,979,0.8779,565,1,1242,0.7376,460,1,186,1,404,1,657,1,1301,0.7061,1562,0.5835,69,0.7179,29,0.6923,13,0.7692,19,0.7051,0,0,6,0.7949,482,0.9231,23,0.7949,120,0.9487,1,0.859,1724,227,0.1317,0.8462,0.7949,,
매입임대,수영역 디온플레이스 어반,수영구,부산광역시 수영구 수영로 712(광안동),부산광역시 수영구 수영로 712,오피스텔,,2021,,20.37,1,280,1,설치,184,,무주택 일반,,,,,817,1,1295000,242000,35.1678407,129.1174069,Google 건물번지,2429,2.65001E+18,,,,,384,1,1673,1,979,0.8779,565,1,1242,0.7376,460,1,186,1,404,1,657,1,1301,0.7061,1562,0.5835,69,0.7179,29,0.6923,13,0.7692,19,0.7051,0,0,6,0.7949,482,0.9231,23,0.7949,120,0.9487,1,0.859,1724,227,0.1317,0.8462,0.7949,,
매입임대,수영역 디온플레이스 어반,수영구,부산광역시 수영구 수영로 712(광안동),부산광역시 수영구 수영로 712,오피스텔,,2021,,20.37,1,280,1,설치,184,,무주택 일반,,,,,818,1,1295000,242000,35.1678407,129.1174069,Google 건물번지,2429,2.65001E+18,,,,,384,1,1673,1,979,0.8779,565,1,1242,0.7376,460,1,186,1,404,1,657,1,1301,0.7061,1562,0.5835,69,0.7179,29,0.6923,13,0.7692,19,0.7051,0,0,6,0.7949,482,0.9231,23,0.7949,120,0.9487,1,0.859,1724,227,0.1317,0.8462,0.7949,,
매입임대,,수영구,부산광역시 수영구 수영로666번길 6(광안동),부산광역시 수영구 수영로666번길 6,오피스텔,,2020,,25.21,1,675,1,설치,371,,무주택 일반,,,,,817,,,,35.1649409,129.1151477,Google 건물번지,121,2.65001E+18,,,,,281,1,1408,1,490,1,856,0.9435,1733,0.5379,89,1,373,1,231,1,343,1,1141,0.7915,1319,0.6965,69,0.7179,39,0.9744,19,0.9872,25,1,0,0,6,0.7949,527,1,27,0.9872,122,0.9744,1,0.859,1906,244,0.128,1,0.7692,,
매입임대,,수영구,부산광역시 수영구 수영로666번길 6(광안동),부산광역시 수영구 수영로666번길 6,오피스텔,,2020,,25.21,1,675,1,설치,371,,무주택 일반,,,,,917,,,,35.1649409,129.1151477,Google 건물번지,121,2.65001E+18,,,,,281,1,1408,1,490,1,856,0.9435,1733,0.5379,89,1,373,1,231,1,343,1,1141,0.7915,1319,0.6965,69,0.7179,39,0.9744,19,0.9872,25,1,0,0,6,0.7949,527,1,27,0.9872,122,0.9744,1,0.859,1906,244,0.128,1,0.7692,,
매입임대,수영역 디온플레이스 어반,수영구,부산광역시 수영구 수영로 712(광안동),부산광역시 수영구 수영로 712,오피스텔,,2021,,21.29,1,280,1,설치,184,,무주택 일반,,,,,904,1,1295000,242000,35.1678407,129.1174069,Google 건물번지,2429,2.65001E+18,,,,,384,1,1673,1,979,0.8779,565,1,1242,0.7376,460,1,186,1,404,1,657,1,1301,0.7061,1562,0.5835,69,0.7179,29,0.6923,13,0.7692,19,0.7051,0,0,6,0.7949,482,0.9231,23,0.7949,120,0.9487,1,0.859,1724,227,0.1317,0.8462,0.7949,,
매입임대,수영역 디온플레이스 어반,수영구,부산광역시 수영구 수영로 712(광안동),부산광역시 수영구 수영로 712,오피스텔,,2021,,20.37,1,280,1,설치,184,,무주택 일반,,,,,1016,2,5071000,240000,35.1678407,129.1174069,Google 건물번지,2429,2.65001E+18,,,,,384,1,1673,1,979,0.8779,565,1,1242,0.7376,460,1,186,1,404,1,657,1,1301,0.7061,1562,0.5835,69,0.7179,29,0.6923,13,0.7692,19,0.7051,0,0,6,0.7949,482,0.9231,23,0.7949,120,0.9487,1,0.859,1724,227,0.1317,0.8462,0.7949,,
매입임대,,수영구,부산광역시 수영구 수영로 712(광안동),부산광역시 수영구 수영로 712,오피스텔,,2021,,25.68,1,280,1,설치,184,,무주택 일반,,,,,607,,,,35.1678407,129.1174069,Google 건물번지,2429,2.65001E+18,,,,,384,1,1673,1,979,0.8779,565,1,1242,0.7376,460,1,186,1,404,1,657,1,1301,0.7061,1562,0.5835,69,0.7179,29,0.6923,13,0.7692,19,0.7051,0,0,6,0.7949,482,0.9231,23,0.7949,120,0.9487,1,0.859,1724,227,0.1317,0.8462,0.7949,,
매입임대,,수영구,부산광역시 수영구 수영로 712(광안동),부산광역시 수영구 수영로 712,오피스텔,,2021,,25.68,1,280,1,설치,184,,무주택 일반,,,,,1107,,,,35.1678407,129.1174069,Google 건물번지,2429,2.65001E+18,,,,,384,1,1673,1,979,0.8779,565,1,1242,0.7376,460,1,186,1,404,1,657,1,1301,0.7061,1562,0.5835,69,0.7179,29,0.6923,13,0.7692,19,0.7051,0,0,6,0.7949,482,0.9231,23,0.7949,120,0.9487,1,0.859,1724,227,0.1317,0.8462,0.7949,,
매입임대,,수영구,부산광역시 수영구 수영로 712(광안동),부산광역시 수영구 수영로 712,오피스텔,,2021,,20.48,1,280,1,설치,184,,무주택 일반,,,,,1817,,,,35.1678407,129.1174069,Google 건물번지,2429,2.65001E+18,,,,,384,1,1673,1,979,0.8779,565,1,1242,0.7376,460,1,186,1,404,1,657,1,1301,0.7061,1562,0.5835,69,0.7179,29,0.6923,13,0.7692,19,0.7051,0,0,6,0.7949,482,0.9231,23,0.7949,120,0.9487,1,0.859,1724,227,0.1317,0.8462,0.7949,,
매입임대,,수영구,부산광역시 수영구 수영로666번길 6(광안동),부산광역시 수영구 수영로666번길 6,오피스텔,,2020,,24.17,1,675,1,설치,371,,무주택 일반,,,,,830,,,,35.1649409,129.1151477,Google 건물번지,121,2.65001E+18,,,,,281,1,1408,1,490,1,856,0.9435,1733,0.5379,89,1,373,1,231,1,343,1,1141,0.7915,1319,0.6965,69,0.7179,39,0.9744,19,0.9872,25,1,0,0,6,0.7949,527,1,27,0.9872,122,0.9744,1,0.859,1906,244,0.128,1,0.7692,,
매입임대,,수영구,부산광역시 수영구 수영로666번길 6(광안동),부산광역시 수영구 수영로666번길 6,오피스텔,,2020,,24.17,1,675,1,설치,371,,무주택 일반,,,,,832,,,,35.1649409,129.1151477,Google 건물번지,121,2.65001E+18,,,,,281,1,1408,1,490,1,856,0.9435,1733,0.5379,89,1,373,1,231,1,343,1,1141,0.7915,1319,0.6965,69,0.7179,39,0.9744,19,0.9872,25,1,0,0,6,0.7949,527,1,27,0.9872,122,0.9744,1,0.859,1906,244,0.128,1,0.7692,,
매입임대,,수영구,부산광역시 수영구 수영로666번길 6(광안동),부산광역시 수영구 수영로666번길 6,오피스텔,,2020,,24.17,1,675,1,설치,371,,무주택 일반,,,,,833,,,,35.1649409,129.1151477,Google 건물번지,121,2.65001E+18,,,,,281,1,1408,1,490,1,856,0.9435,1733,0.5379,89,1,373,1,231,1,343,1,1141,0.7915,1319,0.6965,69,0.7179,39,0.9744,19,0.9872,25,1,0,0,6,0.7949,527,1,27,0.9872,122,0.9744,1,0.859,1906,244,0.128,1,0.7692,,
매입임대,,수영구,부산광역시 수영구 수영로666번길 6(광안동),부산광역시 수영구 수영로666번길 6,오피스텔,,2020,,25.21,1,675,1,설치,371,,무주택 일반,,,,,216,,,,35.1649409,129.1151477,Google 건물번지,121,2.65001E+18,,,,,281,1,1408,1,490,1,856,0.9435,1733,0.5379,89,1,373,1,231,1,343,1,1141,0.7915,1319,0.6965,69,0.7179,39,0.9744,19,0.9872,25,1,0,0,6,0.7949,527,1,27,0.9872,122,0.9744,1,0.859,1906,244,0.128,1,0.7692,,
매입임대,,수영구,부산광역시 수영구 수영로666번길 6(광안동),부산광역시 수영구 수영로666번길 6,오피스텔,,2020,,23.49,1,675,1,설치,371,,무주택 일반,,,,,1008,,,,35.1649409,129.1151477,Google 건물번지,121,2.65001E+18,,,,,281,1,1408,1,490,1,856,0.9435,1733,0.5379,89,1,373,1,231,1,343,1,1141,0.7915,1319,0.6965,69,0.7179,39,0.9744,19,0.9872,25,1,0,0,6,0.7949,527,1,27,0.9872,122,0.9744,1,0.859,1906,244,0.128,1,0.7692,,
매입임대,,수영구,부산광역시 수영구 수영로666번길 6(광안동),부산광역시 수영구 수영로666번길 6,오피스텔,,2020,,25.21,1,675,1,설치,371,,무주택 일반,,,,,620,,,,35.1649409,129.1151477,Google 건물번지,121,2.65001E+18,,,,,281,1,1408,1,490,1,856,0.9435,1733,0.5379,89,1,373,1,231,1,343,1,1141,0.7915,1319,0.6965,69,0.7179,39,0.9744,19,0.9872,25,1,0,0,6,0.7949,527,1,27,0.9872,122,0.9744,1,0.859,1906,244,0.128,1,0.7692,,
매입임대,,수영구,부산광역시 수영구 수영로666번길 6(광안동),부산광역시 수영구 수영로666번길 6,오피스텔,,2020,,24.17,1,675,1,설치,371,,무주택 일반,,,,,1433,,,,35.1649409,129.1151477,Google 건물번지,121,2.65001E+18,,,,,281,1,1408,1,490,1,856,0.9435,1733,0.5379,89,1,373,1,231,1,343,1,1141,0.7915,1319,0.6965,69,0.7179,39,0.9744,19,0.9872,25,1,0,0,6,0.7949,527,1,27,0.9872,122,0.9744,1,0.859,1906,244,0.128,1,0.7692,,
매입임대,,수영구,부산광역시 수영구 수영로666번길 6(광안동),부산광역시 수영구 수영로666번길 6,오피스텔,,2020,,24.17,1,675,1,설치,371,,무주택 일반,,,,,1130,,,,35.1649409,129.1151477,Google 건물번지,121,2.65001E+18,,,,,281,1,1408,1,490,1,856,0.9435,1733,0.5379,89,1,373,1,231,1,343,1,1141,0.7915,1319,0.6965,69,0.7179,39,0.9744,19,0.9872,25,1,0,0,6,0.7949,527,1,27,0.9872,122,0.9744,1,0.859,1906,244,0.128,1,0.7692,,
매입임대,,수영구,부산광역시 수영구 수영로 712(광안동),부산광역시 수영구 수영로 712,오피스텔,,2021,,20.48,1,280,1,설치,184,,무주택 일반,,,,,1813,,,,35.1678407,129.1174069,Google 건물번지,2429,2.65001E+18,,,,,384,1,1673,1,979,0.8779,565,1,1242,0.7376,460,1,186,1,404,1,657,1,1301,0.7061,1562,0.5835,69,0.7179,29,0.6923,13,0.7692,19,0.7051,0,0,6,0.7949,482,0.9231,23,0.7949,120,0.9487,1,0.859,1724,227,0.1317,0.8462,0.7949,,
매입임대,,수영구,부산광역시 수영구 수영로 712(광안동),부산광역시 수영구 수영로 712,오피스텔,,2021,,20.48,1,280,1,설치,184,,무주택 일반,,,,,1814,,,,35.1678407,129.1174069,Google 건물번지,2429,2.65001E+18,,,,,384,1,1673,1,979,0.8779,565,1,1242,0.7376,460,1,186,1,404,1,657,1,1301,0.7061,1562,0.5835,69,0.7179,29,0.6923,13,0.7692,19,0.7051,0,0,6,0.7949,482,0.9231,23,0.7949,120,0.9487,1,0.859,1724,227,0.1317,0.8462,0.7949,,
매입임대,,수영구,부산광역시 수영구 수영로 712(광안동),부산광역시 수영구 수영로 712,오피스텔,,2021,,20.48,1,280,1,설치,184,,무주택 일반,,,,,1815,,,,35.1678407,129.1174069,Google 건물번지,2429,2.65001E+18,,,,,384,1,1673,1,979,0.8779,565,1,1242,0.7376,460,1,186,1,404,1,657,1,1301,0.7061,1562,0.5835,69,0.7179,29,0.6923,13,0.7692,19,0.7051,0,0,6,0.7949,482,0.9231,23,0.7949,120,0.9487,1,0.859,1724,227,0.1317,0.8462,0.7949,,
매입임대,,수영구,부산광역시 수영구 수영로 712(광안동),부산광역시 수영구 수영로 712,오피스텔,,2021,,20.48,1,280,1,설치,184,,무주택 일반,,,,,1816,,,,35.1678407,129.1174069,Google 건물번지,2429,2.65001E+18,,,,,384,1,1673,1,979,0.8779,565,1,1242,0.7376,460,1,186,1,404,1,657,1,1301,0.7061,1562,0.5835,69,0.7179,29,0.6923,13,0.7692,19,0.7051,0,0,6,0.7949,482,0.9231,23,0.7949,120,0.9487,1,0.859,1724,227,0.1317,0.8462,0.7949,,
매입임대,,수영구,부산광역시 수영구 수영로 712(광안동),부산광역시 수영구 수영로 712,오피스텔,,2021,,20.37,1,280,1,설치,184,,무주택 일반,,,,,1318,,,,35.1678407,129.1174069,Google 건물번지,2429,2.65001E+18,,,,,384,1,1673,1,979,0.8779,565,1,1242,0.7376,460,1,186,1,404,1,657,1,1301,0.7061,1562,0.5835,69,0.7179,29,0.6923,13,0.7692,19,0.7051,0,0,6,0.7949,482,0.9231,23,0.7949,120,0.9487,1,0.859,1724,227,0.1317,0.8462,0.7949,,
,,,,,,,,,,,,,,,,,,,,,,,,,,,,,,,,,,,,,,,,,,,,,,,,,,,,,,,,,,,,,,,,,,,,,,,,,,,,,,,,,,
,,,,,,,,,,,,,,,,,,,,,,,,,,,,,,,,,,,,,,,,,,,,,,,,,,,,,,,,,,,,,,,,,,,,,,,,,,,,,,,,,,
,,,,,,,,,,,,,,,,,,,,,,,,,,,,,,,,,,,,,,,,,,,,,,,,,,,,,,,,,,,,,,,,,,,,,,,,,,,,,,,,,,
,,,,,,,,,,,,,,,,,,,,,,,,,,,,,,,,,,,,,,,,,,,,,,,,,,,,,,,,,,,,,,,,,,,,,,,,,,,,,,,,,,
,,,,,,,,,,,,,,,,,,,,,,,,,,,,,,,,,,,,,,,,,,,,,,,,,,,,,,,,,,,,,,,,,,,,,,,,,,,,,,,,,,
,,,,,,,,,,,,,,,,,,,,,,,,,,,,,,,,,,,,,,,,,,,,,,,,,,,,,,,,,,,,,,,,,,,,,,,,,,,,,,,,,,
,,,,,,,,,,,,,,,,,,,,,,,,,,,,,,,,,,,,,,,,,,,,,,,,,,,,,,,,,,,,,,,,,,,,,,,,,,,,,,,,,,
,,,,,,,,,,,,,,,,,,,,,,,,,,,,,,,,,,,,,,,,,,,,,,,,,,,,,,,,,,,,,,,,,,,,,,,,,,,,,,,,,,
,,,,,,,,,,,,,,,,,,,,,,,,,,,,,,,,,,,,,,,,,,,,,,,,,,,,,,,,,,,,,,,,,,,,,,,,,,,,,,,,,,
,,,,,,,,,,,,,,,,,,,,,,,,,,,,,,,,,,,,,,,,,,,,,,,,,,,,,,,,,,,,,,,,,,,,,,,,,,,,,,,,,,
,,,,,,,,,,,,,,,,,,,,,,,,,,,,,,,,,,,,,,,,,,,,,,,,,,,,,,,,,,,,,,,,,,,,,,,,,,,,,,,,,,
,,,,,,,,,,,,,,,,,,,,,,,,,,,,,,,,,,,,,,,,,,,,,,,,,,,,,,,,,,,,,,,,,,,,,,,,,,,,,,,,,,
,,,,,,,,,,,,,,,,,,,,,,,,,,,,,,,,,,,,,,,,,,,,,,,,,,,,,,,,,,,,,,,,,,,,,,,,,,,,,,,,,,
,,,,,,,,,,,,,,,,,,,,,,,,,,,,,,,,,,,,,,,,,,,,,,,,,,,,,,,,,,,,,,,,,,,,,,,,,,,,,,,,,,
,,,,,,,,,,,,,,,,,,,,,,,,,,,,,,,,,,,,,,,,,,,,,,,,,,,,,,,,,,,,,,,,,,,,,,,,,,,,,,,,,,
,,,,,,,,,,,,,,,,,,,,,,,,,,,,,,,,,,,,,,,,,,,,,,,,,,,,,,,,,,,,,,,,,,,,,,,,,,,,,,,,,,
,,,,,,,,,,,,,,,,,,,,,,,,,,,,,,,,,,,,,,,,,,,,,,,,,,,,,,,,,,,,,,,,,,,,,,,,,,,,,,,,,,
,,,,,,,,,,,,,,,,,,,,,,,,,,,,,,,,,,,,,,,,,,,,,,,,,,,,,,,,,,,,,,,,,,,,,,,,,,,,,,,,,,
,,,,,,,,,,,,,,,,,,,,,,,,,,,,,,,,,,,,,,,,,,,,,,,,,,,,,,,,,,,,,,,,,,,,,,,,,,,,,,,,,,
,,,,,,,,,,,,,,,,,,,,,,,,,,,,,,,,,,,,,,,,,,,,,,,,,,,,,,,,,,,,,,,,,,,,,,,,,,,,,,,,,,
,,,,,,,,,,,,,,,,,,,,,,,,,,,,,,,,,,,,,,,,,,,,,,,,,,,,,,,,,,,,,,,,,,,,,,,,,,,,,,,,,,
,,,,,,,,,,,,,,,,,,,,,,,,,,,,,,,,,,,,,,,,,,,,,,,,,,,,,,,,,,,,,,,,,,,,,,,,,,,,,,,,,,
,,,,,,,,,,,,,,,,,,,,,,,,,,,,,,,,,,,,,,,,,,,,,,,,,,,,,,,,,,,,,,,,,,,,,,,,,,,,,,,,,,
,,,,,,,,,,,,,,,,,,,,,,,,,,,,,,,,,,,,,,,,,,,,,,,,,,,,,,,,,,,,,,,,,,,,,,,,,,,,,,,,,,
,,,,,,,,,,,,,,,,,,,,,,,,,,,,,,,,,,,,,,,,,,,,,,,,,,,,,,,,,,,,,,,,,,,,,,,,,,,,,,,,,,
,,,,,,,,,,,,,,,,,,,,,,,,,,,,,,,,,,,,,,,,,,,,,,,,,,,,,,,,,,,,,,,,,,,,,,,,,,,,,,,,,,
,,,,,,,,,,,,,,,,,,,,,,,,,,,,,,,,,,,,,,,,,,,,,,,,,,,,,,,,,,,,,,,,,,,,,,,,,,,,,,,,,,
,,,,,,,,,,,,,,,,,,,,,,,,,,,,,,,,,,,,,,,,,,,,,,,,,,,,,,,,,,,,,,,,,,,,,,,,,,,,,,,,,,
,,,,,,,,,,,,,,,,,,,,,,,,,,,,,,,,,,,,,,,,,,,,,,,,,,,,,,,,,,,,,,,,,,,,,,,,,,,,,,,,,,
,,,,,,,,,,,,,,,,,,,,,,,,,,,,,,,,,,,,,,,,,,,,,,,,,,,,,,,,,,,,,,,,,,,,,,,,,,,,,,,,,,
,,,,,,,,,,,,,,,,,,,,,,,,,,,,,,,,,,,,,,,,,,,,,,,,,,,,,,,,,,,,,,,,,,,,,,,,,,,,,,,,,,
,,,,,,,,,,,,,,,,,,,,,,,,,,,,,,,,,,,,,,,,,,,,,,,,,,,,,,,,,,,,,,,,,,,,,,,,,,,,,,,,,,
,,,,,,,,,,,,,,,,,,,,,,,,,,,,,,,,,,,,,,,,,,,,,,,,,,,,,,,,,,,,,,,,,,,,,,,,,,,,,,,,,,
,,,,,,,,,,,,,,,,,,,,,,,,,,,,,,,,,,,,,,,,,,,,,,,,,,,,,,,,,,,,,,,,,,,,,,,,,,,,,,,,,,
,,,,,,,,,,,,,,,,,,,,,,,,,,,,,,,,,,,,,,,,,,,,,,,,,,,,,,,,,,,,,,,,,,,,,,,,,,,,,,,,,,
,,,,,,,,,,,,,,,,,,,,,,,,,,,,,,,,,,,,,,,,,,,,,,,,,,,,,,,,,,,,,,,,,,,,,,,,,,,,,,,,,,
,,,,,,,,,,,,,,,,,,,,,,,,,,,,,,,,,,,,,,,,,,,,,,,,,,,,,,,,,,,,,,,,,,,,,,,,,,,,,,,,,,
,,,,,,,,,,,,,,,,,,,,,,,,,,,,,,,,,,,,,,,,,,,,,,,,,,,,,,,,,,,,,,,,,,,,,,,,,,,,,,,,,,
,,,,,,,,,,,,,,,,,,,,,,,,,,,,,,,,,,,,,,,,,,,,,,,,,,,,,,,,,,,,,,,,,,,,,,,,,,,,,,,,,,
,,,,,,,,,,,,,,,,,,,,,,,,,,,,,,,,,,,,,,,,,,,,,,,,,,,,,,,,,,,,,,,,,,,,,,,,,,,,,,,,,,
,,,,,,,,,,,,,,,,,,,,,,,,,,,,,,,,,,,,,,,,,,,,,,,,,,,,,,,,,,,,,,,,,,,,,,,,,,,,,,,,,,
,,,,,,,,,,,,,,,,,,,,,,,,,,,,,,,,,,,,,,,,,,,,,,,,,,,,,,,,,,,,,,,,,,,,,,,,,,,,,,,,,,
,,,,,,,,,,,,,,,,,,,,,,,,,,,,,,,,,,,,,,,,,,,,,,,,,,,,,,,,,,,,,,,,,,,,,,,,,,,,,,,,,,
,,,,,,,,,,,,,,,,,,,,,,,,,,,,,,,,,,,,,,,,,,,,,,,,,,,,,,,,,,,,,,,,,,,,,,,,,,,,,,,,,,
,,,,,,,,,,,,,,,,,,,,,,,,,,,,,,,,,,,,,,,,,,,,,,,,,,,,,,,,,,,,,,,,,,,,,,,,,,,,,,,,,,
,,,,,,,,,,,,,,,,,,,,,,,,,,,,,,,,,,,,,,,,,,,,,,,,,,,,,,,,,,,,,,,,,,,,,,,,,,,,,,,,,,
,,,,,,,,,,,,,,,,,,,,,,,,,,,,,,,,,,,,,,,,,,,,,,,,,,,,,,,,,,,,,,,,,,,,,,,,,,,,,,,,,,
,,,,,,,,,,,,,,,,,,,,,,,,,,,,,,,,,,,,,,,,,,,,,,,,,,,,,,,,,,,,,,,,,,,,,,,,,,,,,,,,,,
,,,,,,,,,,,,,,,,,,,,,,,,,,,,,,,,,,,,,,,,,,,,,,,,,,,,,,,,,,,,,,,,,,,,,,,,,,,,,,,,,,
,,,,,,,,,,,,,,,,,,,,,,,,,,,,,,,,,,,,,,,,,,,,,,,,,,,,,,,,,,,,,,,,,,,,,,,,,,,,,,,,,,
,,,,,,,,,,,,,,,,,,,,,,,,,,,,,,,,,,,,,,,,,,,,,,,,,,,,,,,,,,,,,,,,,,,,,,,,,,,,,,,,,,
,,,,,,,,,,,,,,,,,,,,,,,,,,,,,,,,,,,,,,,,,,,,,,,,,,,,,,,,,,,,,,,,,,,,,,,,,,,,,,,,,,
,,,,,,,,,,,,,,,,,,,,,,,,,,,,,,,,,,,,,,,,,,,,,,,,,,,,,,,,,,,,,,,,,,,,,,,,,,,,,,,,,,
,,,,,,,,,,,,,,,,,,,,,,,,,,,,,,,,,,,,,,,,,,,,,,,,,,,,,,,,,,,,,,,,,,,,,,,,,,,,,,,,,,
,,,,,,,,,,,,,,,,,,,,,,,,,,,,,,,,,,,,,,,,,,,,,,,,,,,,,,,,,,,,,,,,,,,,,,,,,,,,,,,,,,
,,,,,,,,,,,,,,,,,,,,,,,,,,,,,,,,,,,,,,,,,,,,,,,,,,,,,,,,,,,,,,,,,,,,,,,,,,,,,,,,,,
,,,,,,,,,,,,,,,,,,,,,,,,,,,,,,,,,,,,,,,,,,,,,,,,,,,,,,,,,,,,,,,,,,,,,,,,,,,,,,,,,,
,,,,,,,,,,,,,,,,,,,,,,,,,,,,,,,,,,,,,,,,,,,,,,,,,,,,,,,,,,,,,,,,,,,,,,,,,,,,,,,,,,
,,,,,,,,,,,,,,,,,,,,,,,,,,,,,,,,,,,,,,,,,,,,,,,,,,,,,,,,,,,,,,,,,,,,,,,,,,,,,,,,,,
,,,,,,,,,,,,,,,,,,,,,,,,,,,,,,,,,,,,,,,,,,,,,,,,,,,,,,,,,,,,,,,,,,,,,,,,,,,,,,,,,,
,,,,,,,,,,,,,,,,,,,,,,,,,,,,,,,,,,,,,,,,,,,,,,,,,,,,,,,,,,,,,,,,,,,,,,,,,,,,,,,,,,
,,,,,,,,,,,,,,,,,,,,,,,,,,,,,,,,,,,,,,,,,,,,,,,,,,,,,,,,,,,,,,,,,,,,,,,,,,,,,,,,,,
,,,,,,,,,,,,,,,,,,,,,,,,,,,,,,,,,,,,,,,,,,,,,,,,,,,,,,,,,,,,,,,,,,,,,,,,,,,,,,,,,,
,,,,,,,,,,,,,,,,,,,,,,,,,,,,,,,,,,,,,,,,,,,,,,,,,,,,,,,,,,,,,,,,,,,,,,,,,,,,,,,,,,
,,,,,,,,,,,,,,,,,,,,,,,,,,,,,,,,,,,,,,,,,,,,,,,,,,,,,,,,,,,,,,,,,,,,,,,,,,,,,,,,,,
,,,,,,,,,,,,,,,,,,,,,,,,,,,,,,,,,,,,,,,,,,,,,,,,,,,,,,,,,,,,,,,,,,,,,,,,,,,,,,,,,,
,,,,,,,,,,,,,,,,,,,,,,,,,,,,,,,,,,,,,,,,,,,,,,,,,,,,,,,,,,,,,,,,,,,,,,,,,,,,,,,,,,
,,,,,,,,,,,,,,,,,,,,,,,,,,,,,,,,,,,,,,,,,,,,,,,,,,,,,,,,,,,,,,,,,,,,,,,,,,,,,,,,,,
,,,,,,,,,,,,,,,,,,,,,,,,,,,,,,,,,,,,,,,,,,,,,,,,,,,,,,,,,,,,,,,,,,,,,,,,,,,,,,,,,,
,,,,,,,,,,,,,,,,,,,,,,,,,,,,,,,,,,,,,,,,,,,,,,,,,,,,,,,,,,,,,,,,,,,,,,,,,,,,,,,,,,
,,,,,,,,,,,,,,,,,,,,,,,,,,,,,,,,,,,,,,,,,,,,,,,,,,,,,,,,,,,,,,,,,,,,,,,,,,,,,,,,,,
,,,,,,,,,,,,,,,,,,,,,,,,,,,,,,,,,,,,,,,,,,,,,,,,,,,,,,,,,,,,,,,,,,,,,,,,,,,,,,,,,,
,,,,,,,,,,,,,,,,,,,,,,,,,,,,,,,,,,,,,,,,,,,,,,,,,,,,,,,,,,,,,,,,,,,,,,,,,,,,,,,,,,
,,,,,,,,,,,,,,,,,,,,,,,,,,,,,,,,,,,,,,,,,,,,,,,,,,,,,,,,,,,,,,,,,,,,,,,,,,,,,,,,,,
,,,,,,,,,,,,,,,,,,,,,,,,,,,,,,,,,,,,,,,,,,,,,,,,,,,,,,,,,,,,,,,,,,,,,,,,,,,,,,,,,,
,,,,,,,,,,,,,,,,,,,,,,,,,,,,,,,,,,,,,,,,,,,,,,,,,,,,,,,,,,,,,,,,,,,,,,,,,,,,,,,,,,
,,,,,,,,,,,,,,,,,,,,,,,,,,,,,,,,,,,,,,,,,,,,,,,,,,,,,,,,,,,,,,,,,,,,,,,,,,,,,,,,,,
,,,,,,,,,,,,,,,,,,,,,,,,,,,,,,,,,,,,,,,,,,,,,,,,,,,,,,,,,,,,,,,,,,,,,,,,,,,,,,,,,,
,,,,,,,,,,,,,,,,,,,,,,,,,,,,,,,,,,,,,,,,,,,,,,,,,,,,,,,,,,,,,,,,,,,,,,,,,,,,,,,,,,
,,,,,,,,,,,,,,,,,,,,,,,,,,,,,,,,,,,,,,,,,,,,,,,,,,,,,,,,,,,,,,,,,,,,,,,,,,,,,,,,,,
,,,,,,,,,,,,,,,,,,,,,,,,,,,,,,,,,,,,,,,,,,,,,,,,,,,,,,,,,,,,,,,,,,,,,,,,,,,,,,,,,,
,,,,,,,,,,,,,,,,,,,,,,,,,,,,,,,,,,,,,,,,,,,,,,,,,,,,,,,,,,,,,,,,,,,,,,,,,,,,,,,,,,
,,,,,,,,,,,,,,,,,,,,,,,,,,,,,,,,,,,,,,,,,,,,,,,,,,,,,,,,,,,,,,,,,,,,,,,,,,,,,,,,,,
,,,,,,,,,,,,,,,,,,,,,,,,,,,,,,,,,,,,,,,,,,,,,,,,,,,,,,,,,,,,,,,,,,,,,,,,,,,,,,,,,,
,,,,,,,,,,,,,,,,,,,,,,,,,,,,,,,,,,,,,,,,,,,,,,,,,,,,,,,,,,,,,,,,,,,,,,,,,,,,,,,,,,
,,,,,,,,,,,,,,,,,,,,,,,,,,,,,,,,,,,,,,,,,,,,,,,,,,,,,,,,,,,,,,,,,,,,,,,,,,,,,,,,,,
,,,,,,,,,,,,,,,,,,,,,,,,,,,,,,,,,,,,,,,,,,,,,,,,,,,,,,,,,,,,,,,,,,,,,,,,,,,,,,,,,,
,,,,,,,,,,,,,,,,,,,,,,,,,,,,,,,,,,,,,,,,,,,,,,,,,,,,,,,,,,,,,,,,,,,,,,,,,,,,,,,,,,
,,,,,,,,,,,,,,,,,,,,,,,,,,,,,,,,,,,,,,,,,,,,,,,,,,,,,,,,,,,,,,,,,,,,,,,,,,,,,,,,,,
,,,,,,,,,,,,,,,,,,,,,,,,,,,,,,,,,,,,,,,,,,,,,,,,,,,,,,,,,,,,,,,,,,,,,,,,,,,,,,,,,,
,,,,,,,,,,,,,,,,,,,,,,,,,,,,,,,,,,,,,,,,,,,,,,,,,,,,,,,,,,,,,,,,,,,,,,,,,,,,,,,,,,
,,,,,,,,,,,,,,,,,,,,,,,,,,,,,,,,,,,,,,,,,,,,,,,,,,,,,,,,,,,,,,,,,,,,,,,,,,,,,,,,,,
,,,,,,,,,,,,,,,,,,,,,,,,,,,,,,,,,,,,,,,,,,,,,,,,,,,,,,,,,,,,,,,,,,,,,,,,,,,,,,,,,,
,,,,,,,,,,,,,,,,,,,,,,,,,,,,,,,,,,,,,,,,,,,,,,,,,,,,,,,,,,,,,,,,,,,,,,,,,,,,,,,,,,
,,,,,,,,,,,,,,,,,,,,,,,,,,,,,,,,,,,,,,,,,,,,,,,,,,,,,,,,,,,,,,,,,,,,,,,,,,,,,,,,,,
,,,,,,,,,,,,,,,,,,,,,,,,,,,,,,,,,,,,,,,,,,,,,,,,,,,,,,,,,,,,,,,,,,,,,,,,,,,,,,,,,,
,,,,,,,,,,,,,,,,,,,,,,,,,,,,,,,,,,,,,,,,,,,,,,,,,,,,,,,,,,,,,,,,,,,,,,,,,,,,,,,,,,
,,,,,,,,,,,,,,,,,,,,,,,,,,,,,,,,,,,,,,,,,,,,,,,,,,,,,,,,,,,,,,,,,,,,,,,,,,,,,,,,,,
,,,,,,,,,,,,,,,,,,,,,,,,,,,,,,,,,,,,,,,,,,,,,,,,,,,,,,,,,,,,,,,,,,,,,,,,,,,,,,,,,,
,,,,,,,,,,,,,,,,,,,,,,,,,,,,,,,,,,,,,,,,,,,,,,,,,,,,,,,,,,,,,,,,,,,,,,,,,,,,,,,,,,
,,,,,,,,,,,,,,,,,,,,,,,,,,,,,,,,,,,,,,,,,,,,,,,,,,,,,,,,,,,,,,,,,,,,,,,,,,,,,,,,,,
,,,,,,,,,,,,,,,,,,,,,,,,,,,,,,,,,,,,,,,,,,,,,,,,,,,,,,,,,,,,,,,,,,,,,,,,,,,,,,,,,,
,,,,,,,,,,,,,,,,,,,,,,,,,,,,,,,,,,,,,,,,,,,,,,,,,,,,,,,,,,,,,,,,,,,,,,,,,,,,,,,,,,
,,,,,,,,,,,,,,,,,,,,,,,,,,,,,,,,,,,,,,,,,,,,,,,,,,,,,,,,,,,,,,,,,,,,,,,,,,,,,,,,,,
,,,,,,,,,,,,,,,,,,,,,,,,,,,,,,,,,,,,,,,,,,,,,,,,,,,,,,,,,,,,,,,,,,,,,,,,,,,,,,,,,,
,,,,,,,,,,,,,,,,,,,,,,,,,,,,,,,,,,,,,,,,,,,,,,,,,,,,,,,,,,,,,,,,,,,,,,,,,,,,,,,,,,
,,,,,,,,,,,,,,,,,,,,,,,,,,,,,,,,,,,,,,,,,,,,,,,,,,,,,,,,,,,,,,,,,,,,,,,,,,,,,,,,,,
,,,,,,,,,,,,,,,,,,,,,,,,,,,,,,,,,,,,,,,,,,,,,,,,,,,,,,,,,,,,,,,,,,,,,,,,,,,,,,,,,,
,,,,,,,,,,,,,,,,,,,,,,,,,,,,,,,,,,,,,,,,,,,,,,,,,,,,,,,,,,,,,,,,,,,,,,,,,,,,,,,,,,
,,,,,,,,,,,,,,,,,,,,,,,,,,,,,,,,,,,,,,,,,,,,,,,,,,,,,,,,,,,,,,,,,,,,,,,,,,,,,,,,,,
,,,,,,,,,,,,,,,,,,,,,,,,,,,,,,,,,,,,,,,,,,,,,,,,,,,,,,,,,,,,,,,,,,,,,,,,,,,,,,,,,,
,,,,,,,,,,,,,,,,,,,,,,,,,,,,,,,,,,,,,,,,,,,,,,,,,,,,,,,,,,,,,,,,,,,,,,,,,,,,,,,,,,
,,,,,,,,,,,,,,,,,,,,,,,,,,,,,,,,,,,,,,,,,,,,,,,,,,,,,,,,,,,,,,,,,,,,,,,,,,,,,,,,,,
,,,,,,,,,,,,,,,,,,,,,,,,,,,,,,,,,,,,,,,,,,,,,,,,,,,,,,,,,,,,,,,,,,,,,,,,,,,,,,,,,,
,,,,,,,,,,,,,,,,,,,,,,,,,,,,,,,,,,,,,,,,,,,,,,,,,,,,,,,,,,,,,,,,,,,,,,,,,,,,,,,,,,
,,,,,,,,,,,,,,,,,,,,,,,,,,,,,,,,,,,,,,,,,,,,,,,,,,,,,,,,,,,,,,,,,,,,,,,,,,,,,,,,,,
,,,,,,,,,,,,,,,,,,,,,,,,,,,,,,,,,,,,,,,,,,,,,,,,,,,,,,,,,,,,,,,,,,,,,,,,,,,,,,,,,,
,,,,,,,,,,,,,,,,,,,,,,,,,,,,,,,,,,,,,,,,,,,,,,,,,,,,,,,,,,,,,,,,,,,,,,,,,,,,,,,,,,
,,,,,,,,,,,,,,,,,,,,,,,,,,,,,,,,,,,,,,,,,,,,,,,,,,,,,,,,,,,,,,,,,,,,,,,,,,,,,,,,,,
,,,,,,,,,,,,,,,,,,,,,,,,,,,,,,,,,,,,,,,,,,,,,,,,,,,,,,,,,,,,,,,,,,,,,,,,,,,,,,,,,,
,,,,,,,,,,,,,,,,,,,,,,,,,,,,,,,,,,,,,,,,,,,,,,,,,,,,,,,,,,,,,,,,,,,,,,,,,,,,,,,,,,
,,,,,,,,,,,,,,,,,,,,,,,,,,,,,,,,,,,,,,,,,,,,,,,,,,,,,,,,,,,,,,,,,,,,,,,,,,,,,,,,,,
,,,,,,,,,,,,,,,,,,,,,,,,,,,,,,,,,,,,,,,,,,,,,,,,,,,,,,,,,,,,,,,,,,,,,,,,,,,,,,,,,,
,,,,,,,,,,,,,,,,,,,,,,,,,,,,,,,,,,,,,,,,,,,,,,,,,,,,,,,,,,,,,,,,,,,,,,,,,,,,,,,,,,
,,,,,,,,,,,,,,,,,,,,,,,,,,,,,,,,,,,,,,,,,,,,,,,,,,,,,,,,,,,,,,,,,,,,,,,,,,,,,,,,,,
,,,,,,,,,,,,,,,,,,,,,,,,,,,,,,,,,,,,,,,,,,,,,,,,,,,,,,,,,,,,,,,,,,,,,,,,,,,,,,,,,,
,,,,,,,,,,,,,,,,,,,,,,,,,,,,,,,,,,,,,,,,,,,,,,,,,,,,,,,,,,,,,,,,,,,,,,,,,,,,,,,,,,
,,,,,,,,,,,,,,,,,,,,,,,,,,,,,,,,,,,,,,,,,,,,,,,,,,,,,,,,,,,,,,,,,,,,,,,,,,,,,,,,,,
,,,,,,,,,,,,,,,,,,,,,,,,,,,,,,,,,,,,,,,,,,,,,,,,,,,,,,,,,,,,,,,,,,,,,,,,,,,,,,,,,,
,,,,,,,,,,,,,,,,,,,,,,,,,,,,,,,,,,,,,,,,,,,,,,,,,,,,,,,,,,,,,,,,,,,,,,,,,,,,,,,,,,
,,,,,,,,,,,,,,,,,,,,,,,,,,,,,,,,,,,,,,,,,,,,,,,,,,,,,,,,,,,,,,,,,,,,,,,,,,,,,,,,,,
,,,,,,,,,,,,,,,,,,,,,,,,,,,,,,,,,,,,,,,,,,,,,,,,,,,,,,,,,,,,,,,,,,,,,,,,,,,,,,,,,,
,,,,,,,,,,,,,,,,,,,,,,,,,,,,,,,,,,,,,,,,,,,,,,,,,,,,,,,,,,,,,,,,,,,,,,,,,,,,,,,,,,
,,,,,,,,,,,,,,,,,,,,,,,,,,,,,,,,,,,,,,,,,,,,,,,,,,,,,,,,,,,,,,,,,,,,,,,,,,,,,,,,,,
,,,,,,,,,,,,,,,,,,,,,,,,,,,,,,,,,,,,,,,,,,,,,,,,,,,,,,,,,,,,,,,,,,,,,,,,,,,,,,,,,,
,,,,,,,,,,,,,,,,,,,,,,,,,,,,,,,,,,,,,,,,,,,,,,,,,,,,,,,,,,,,,,,,,,,,,,,,,,,,,,,,,,
,,,,,,,,,,,,,,,,,,,,,,,,,,,,,,,,,,,,,,,,,,,,,,,,,,,,,,,,,,,,,,,,,,,,,,,,,,,,,,,,,,
,,,,,,,,,,,,,,,,,,,,,,,,,,,,,,,,,,,,,,,,,,,,,,,,,,,,,,,,,,,,,,,,,,,,,,,,,,,,,,,,,,
,,,,,,,,,,,,,,,,,,,,,,,,,,,,,,,,,,,,,,,,,,,,,,,,,,,,,,,,,,,,,,,,,,,,,,,,,,,,,,,,,,
,,,,,,,,,,,,,,,,,,,,,,,,,,,,,,,,,,,,,,,,,,,,,,,,,,,,,,,,,,,,,,,,,,,,,,,,,,,,,,,,,,
,,,,,,,,,,,,,,,,,,,,,,,,,,,,,,,,,,,,,,,,,,,,,,,,,,,,,,,,,,,,,,,,,,,,,,,,,,,,,,,,,,
,,,,,,,,,,,,,,,,,,,,,,,,,,,,,,,,,,,,,,,,,,,,,,,,,,,,,,,,,,,,,,,,,,,,,,,,,,,,,,,,,,
,,,,,,,,,,,,,,,,,,,,,,,,,,,,,,,,,,,,,,,,,,,,,,,,,,,,,,,,,,,,,,,,,,,,,,,,,,,,,,,,,,
,,,,,,,,,,,,,,,,,,,,,,,,,,,,,,,,,,,,,,,,,,,,,,,,,,,,,,,,,,,,,,,,,,,,,,,,,,,,,,,,,,
,,,,,,,,,,,,,,,,,,,,,,,,,,,,,,,,,,,,,,,,,,,,,,,,,,,,,,,,,,,,,,,,,,,,,,,,,,,,,,,,,,
,,,,,,,,,,,,,,,,,,,,,,,,,,,,,,,,,,,,,,,,,,,,,,,,,,,,,,,,,,,,,,,,,,,,,,,,,,,,,,,,,,
,,,,,,,,,,,,,,,,,,,,,,,,,,,,,,,,,,,,,,,,,,,,,,,,,,,,,,,,,,,,,,,,,,,,,,,,,,,,,,,,,,
,,,,,,,,,,,,,,,,,,,,,,,,,,,,,,,,,,,,,,,,,,,,,,,,,,,,,,,,,,,,,,,,,,,,,,,,,,,,,,,,,,
,,,,,,,,,,,,,,,,,,,,,,,,,,,,,,,,,,,,,,,,,,,,,,,,,,,,,,,,,,,,,,,,,,,,,,,,,,,,,,,,,,
,,,,,,,,,,,,,,,,,,,,,,,,,,,,,,,,,,,,,,,,,,,,,,,,,,,,,,,,,,,,,,,,,,,,,,,,,,,,,,,,,,
,,,,,,,,,,,,,,,,,,,,,,,,,,,,,,,,,,,,,,,,,,,,,,,,,,,,,,,,,,,,,,,,,,,,,,,,,,,,,,,,,,
,,,,,,,,,,,,,,,,,,,,,,,,,,,,,,,,,,,,,,,,,,,,,,,,,,,,,,,,,,,,,,,,,,,,,,,,,,,,,,,,,,
,,,,,,,,,,,,,,,,,,,,,,,,,,,,,,,,,,,,,,,,,,,,,,,,,,,,,,,,,,,,,,,,,,,,,,,,,,,,,,,,,,
,,,,,,,,,,,,,,,,,,,,,,,,,,,,,,,,,,,,,,,,,,,,,,,,,,,,,,,,,,,,,,,,,,,,,,,,,,,,,,,,,,
,,,,,,,,,,,,,,,,,,,,,,,,,,,,,,,,,,,,,,,,,,,,,,,,,,,,,,,,,,,,,,,,,,,,,,,,,,,,,,,,,,
,,,,,,,,,,,,,,,,,,,,,,,,,,,,,,,,,,,,,,,,,,,,,,,,,,,,,,,,,,,,,,,,,,,,,,,,,,,,,,,,,,
,,,,,,,,,,,,,,,,,,,,,,,,,,,,,,,,,,,,,,,,,,,,,,,,,,,,,,,,,,,,,,,,,,,,,,,,,,,,,,,,,,
,,,,,,,,,,,,,,,,,,,,,,,,,,,,,,,,,,,,,,,,,,,,,,,,,,,,,,,,,,,,,,,,,,,,,,,,,,,,,,,,,,
,,,,,,,,,,,,,,,,,,,,,,,,,,,,,,,,,,,,,,,,,,,,,,,,,,,,,,,,,,,,,,,,,,,,,,,,,,,,,,,,,,
,,,,,,,,,,,,,,,,,,,,,,,,,,,,,,,,,,,,,,,,,,,,,,,,,,,,,,,,,,,,,,,,,,,,,,,,,,,,,,,,,,
,,,,,,,,,,,,,,,,,,,,,,,,,,,,,,,,,,,,,,,,,,,,,,,,,,,,,,,,,,,,,,,,,,,,,,,,,,,,,,,,,,
,,,,,,,,,,,,,,,,,,,,,,,,,,,,,,,,,,,,,,,,,,,,,,,,,,,,,,,,,,,,,,,,,,,,,,,,,,,,,,,,,,
,,,,,,,,,,,,,,,,,,,,,,,,,,,,,,,,,,,,,,,,,,,,,,,,,,,,,,,,,,,,,,,,,,,,,,,,,,,,,,,,,,
,,,,,,,,,,,,,,,,,,,,,,,,,,,,,,,,,,,,,,,,,,,,,,,,,,,,,,,,,,,,,,,,,,,,,,,,,,,,,,,,,,
,,,,,,,,,,,,,,,,,,,,,,,,,,,,,,,,,,,,,,,,,,,,,,,,,,,,,,,,,,,,,,,,,,,,,,,,,,,,,,,,,,
,,,,,,,,,,,,,,,,,,,,,,,,,,,,,,,,,,,,,,,,,,,,,,,,,,,,,,,,,,,,,,,,,,,,,,,,,,,,,,,,,,
,,,,,,,,,,,,,,,,,,,,,,,,,,,,,,,,,,,,,,,,,,,,,,,,,,,,,,,,,,,,,,,,,,,,,,,,,,,,,,,,,,
,,,,,,,,,,,,,,,,,,,,,,,,,,,,,,,,,,,,,,,,,,,,,,,,,,,,,,,,,,,,,,,,,,,,,,,,,,,,,,,,,,
,,,,,,,,,,,,,,,,,,,,,,,,,,,,,,,,,,,,,,,,,,,,,,,,,,,,,,,,,,,,,,,,,,,,,,,,,,,,,,,,,,
,,,,,,,,,,,,,,,,,,,,,,,,,,,,,,,,,,,,,,,,,,,,,,,,,,,,,,,,,,,,,,,,,,,,,,,,,,,,,,,,,,
,,,,,,,,,,,,,,,,,,,,,,,,,,,,,,,,,,,,,,,,,,,,,,,,,,,,,,,,,,,,,,,,,,,,,,,,,,,,,,,,,,
,,,,,,,,,,,,,,,,,,,,,,,,,,,,,,,,,,,,,,,,,,,,,,,,,,,,,,,,,,,,,,,,,,,,,,,,,,,,,,,,,,
,,,,,,,,,,,,,,,,,,,,,,,,,,,,,,,,,,,,,,,,,,,,,,,,,,,,,,,,,,,,,,,,,,,,,,,,,,,,,,,,,,
,,,,,,,,,,,,,,,,,,,,,,,,,,,,,,,,,,,,,,,,,,,,,,,,,,,,,,,,,,,,,,,,,,,,,,,,,,,,,,,,,,
,,,,,,,,,,,,,,,,,,,,,,,,,,,,,,,,,,,,,,,,,,,,,,,,,,,,,,,,,,,,,,,,,,,,,,,,,,,,,,,,,,
,,,,,,,,,,,,,,,,,,,,,,,,,,,,,,,,,,,,,,,,,,,,,,,,,,,,,,,,,,,,,,,,,,,,,,,,,,,,,,,,,,
,,,,,,,,,,,,,,,,,,,,,,,,,,,,,,,,,,,,,,,,,,,,,,,,,,,,,,,,,,,,,,,,,,,,,,,,,,,,,,,,,,
,,,,,,,,,,,,,,,,,,,,,,,,,,,,,,,,,,,,,,,,,,,,,,,,,,,,,,,,,,,,,,,,,,,,,,,,,,,,,,,,,,
,,,,,,,,,,,,,,,,,,,,,,,,,,,,,,,,,,,,,,,,,,,,,,,,,,,,,,,,,,,,,,,,,,,,,,,,,,,,,,,,,,
,,,,,,,,,,,,,,,,,,,,,,,,,,,,,,,,,,,,,,,,,,,,,,,,,,,,,,,,,,,,,,,,,,,,,,,,,,,,,,,,,,
,,,,,,,,,,,,,,,,,,,,,,,,,,,,,,,,,,,,,,,,,,,,,,,,,,,,,,,,,,,,,,,,,,,,,,,,,,,,,,,,,,
,,,,,,,,,,,,,,,,,,,,,,,,,,,,,,,,,,,,,,,,,,,,,,,,,,,,,,,,,,,,,,,,,,,,,,,,,,,,,,,,,,
,,,,,,,,,,,,,,,,,,,,,,,,,,,,,,,,,,,,,,,,,,,,,,,,,,,,,,,,,,,,,,,,,,,,,,,,,,,,,,,,,,
,,,,,,,,,,,,,,,,,,,,,,,,,,,,,,,,,,,,,,,,,,,,,,,,,,,,,,,,,,,,,,,,,,,,,,,,,,,,,,,,,,
,,,,,,,,,,,,,,,,,,,,,,,,,,,,,,,,,,,,,,,,,,,,,,,,,,,,,,,,,,,,,,,,,,,,,,,,,,,,,,,,,,
,,,,,,,,,,,,,,,,,,,,,,,,,,,,,,,,,,,,,,,,,,,,,,,,,,,,,,,,,,,,,,,,,,,,,,,,,,,,,,,,,,
,,,,,,,,,,,,,,,,,,,,,,,,,,,,,,,,,,,,,,,,,,,,,,,,,,,,,,,,,,,,,,,,,,,,,,,,,,,,,,,,,,
,,,,,,,,,,,,,,,,,,,,,,,,,,,,,,,,,,,,,,,,,,,,,,,,,,,,,,,,,,,,,,,,,,,,,,,,,,,,,,,,,,
,,,,,,,,,,,,,,,,,,,,,,,,,,,,,,,,,,,,,,,,,,,,,,,,,,,,,,,,,,,,,,,,,,,,,,,,,,,,,,,,,,
,,,,,,,,,,,,,,,,,,,,,,,,,,,,,,,,,,,,,,,,,,,,,,,,,,,,,,,,,,,,,,,,,,,,,,,,,,,,,,,,,,
,,,,,,,,,,,,,,,,,,,,,,,,,,,,,,,,,,,,,,,,,,,,,,,,,,,,,,,,,,,,,,,,,,,,,,,,,,,,,,,,,,
,,,,,,,,,,,,,,,,,,,,,,,,,,,,,,,,,,,,,,,,,,,,,,,,,,,,,,,,,,,,,,,,,,,,,,,,,,,,,,,,,,
,,,,,,,,,,,,,,,,,,,,,,,,,,,,,,,,,,,,,,,,,,,,,,,,,,,,,,,,,,,,,,,,,,,,,,,,,,,,,,,,,,
,,,,,,,,,,,,,,,,,,,,,,,,,,,,,,,,,,,,,,,,,,,,,,,,,,,,,,,,,,,,,,,,,,,,,,,,,,,,,,,,,,
,,,,,,,,,,,,,,,,,,,,,,,,,,,,,,,,,,,,,,,,,,,,,,,,,,,,,,,,,,,,,,,,,,,,,,,,,,,,,,,,,,
,,,,,,,,,,,,,,,,,,,,,,,,,,,,,,,,,,,,,,,,,,,,,,,,,,,,,,,,,,,,,,,,,,,,,,,,,,,,,,,,,,
,,,,,,,,,,,,,,,,,,,,,,,,,,,,,,,,,,,,,,,,,,,,,,,,,,,,,,,,,,,,,,,,,,,,,,,,,,,,,,,,,,
,,,,,,,,,,,,,,,,,,,,,,,,,,,,,,,,,,,,,,,,,,,,,,,,,,,,,,,,,,,,,,,,,,,,,,,,,,,,,,,,,,
,,,,,,,,,,,,,,,,,,,,,,,,,,,,,,,,,,,,,,,,,,,,,,,,,,,,,,,,,,,,,,,,,,,,,,,,,,,,,,,,,,
,,,,,,,,,,,,,,,,,,,,,,,,,,,,,,,,,,,,,,,,,,,,,,,,,,,,,,,,,,,,,,,,,,,,,,,,,,,,,,,,,,
,,,,,,,,,,,,,,,,,,,,,,,,,,,,,,,,,,,,,,,,,,,,,,,,,,,,,,,,,,,,,,,,,,,,,,,,,,,,,,,,,,
,,,,,,,,,,,,,,,,,,,,,,,,,,,,,,,,,,,,,,,,,,,,,,,,,,,,,,,,,,,,,,,,,,,,,,,,,,,,,,,,,,
,,,,,,,,,,,,,,,,,,,,,,,,,,,,,,,,,,,,,,,,,,,,,,,,,,,,,,,,,,,,,,,,,,,,,,,,,,,,,,,,,,
,,,,,,,,,,,,,,,,,,,,,,,,,,,,,,,,,,,,,,,,,,,,,,,,,,,,,,,,,,,,,,,,,,,,,,,,,,,,,,,,,,
,,,,,,,,,,,,,,,,,,,,,,,,,,,,,,,,,,,,,,,,,,,,,,,,,,,,,,,,,,,,,,,,,,,,,,,,,,,,,,,,,,
,,,,,,,,,,,,,,,,,,,,,,,,,,,,,,,,,,,,,,,,,,,,,,,,,,,,,,,,,,,,,,,,,,,,,,,,,,,,,,,,,,
,,,,,,,,,,,,,,,,,,,,,,,,,,,,,,,,,,,,,,,,,,,,,,,,,,,,,,,,,,,,,,,,,,,,,,,,,,,,,,,,,,
,,,,,,,,,,,,,,,,,,,,,,,,,,,,,,,,,,,,,,,,,,,,,,,,,,,,,,,,,,,,,,,,,,,,,,,,,,,,,,,,,,
,,,,,,,,,,,,,,,,,,,,,,,,,,,,,,,,,,,,,,,,,,,,,,,,,,,,,,,,,,,,,,,,,,,,,,,,,,,,,,,,,,
,,,,,,,,,,,,,,,,,,,,,,,,,,,,,,,,,,,,,,,,,,,,,,,,,,,,,,,,,,,,,,,,,,,,,,,,,,,,,,,,,,
,,,,,,,,,,,,,,,,,,,,,,,,,,,,,,,,,,,,,,,,,,,,,,,,,,,,,,,,,,,,,,,,,,,,,,,,,,,,,,,,,,
,,,,,,,,,,,,,,,,,,,,,,,,,,,,,,,,,,,,,,,,,,,,,,,,,,,,,,,,,,,,,,,,,,,,,,,,,,,,,,,,,,
,,,,,,,,,,,,,,,,,,,,,,,,,,,,,,,,,,,,,,,,,,,,,,,,,,,,,,,,,,,,,,,,,,,,,,,,,,,,,,,,,,
,,,,,,,,,,,,,,,,,,,,,,,,,,,,,,,,,,,,,,,,,,,,,,,,,,,,,,,,,,,,,,,,,,,,,,,,,,,,,,,,,,
,,,,,,,,,,,,,,,,,,,,,,,,,,,,,,,,,,,,,,,,,,,,,,,,,,,,,,,,,,,,,,,,,,,,,,,,,,,,,,,,,,
,,,,,,,,,,,,,,,,,,,,,,,,,,,,,,,,,,,,,,,,,,,,,,,,,,,,,,,,,,,,,,,,,,,,,,,,,,,,,,,,,,
,,,,,,,,,,,,,,,,,,,,,,,,,,,,,,,,,,,,,,,,,,,,,,,,,,,,,,,,,,,,,,,,,,,,,,,,,,,,,,,,,,
,,,,,,,,,,,,,,,,,,,,,,,,,,,,,,,,,,,,,,,,,,,,,,,,,,,,,,,,,,,,,,,,,,,,,,,,,,,,,,,,,,
,,,,,,,,,,,,,,,,,,,,,,,,,,,,,,,,,,,,,,,,,,,,,,,,,,,,,,,,,,,,,,,,,,,,,,,,,,,,,,,,,,
,,,,,,,,,,,,,,,,,,,,,,,,,,,,,,,,,,,,,,,,,,,,,,,,,,,,,,,,,,,,,,,,,,,,,,,,,,,,,,,,,,
,,,,,,,,,,,,,,,,,,,,,,,,,,,,,,,,,,,,,,,,,,,,,,,,,,,,,,,,,,,,,,,,,,,,,,,,,,,,,,,,,,
,,,,,,,,,,,,,,,,,,,,,,,,,,,,,,,,,,,,,,,,,,,,,,,,,,,,,,,,,,,,,,,,,,,,,,,,,,,,,,,,,,
,,,,,,,,,,,,,,,,,,,,,,,,,,,,,,,,,,,,,,,,,,,,,,,,,,,,,,,,,,,,,,,,,,,,,,,,,,,,,,,,,,
,,,,,,,,,,,,,,,,,,,,,,,,,,,,,,,,,,,,,,,,,,,,,,,,,,,,,,,,,,,,,,,,,,,,,,,,,,,,,,,,,,
,,,,,,,,,,,,,,,,,,,,,,,,,,,,,,,,,,,,,,,,,,,,,,,,,,,,,,,,,,,,,,,,,,,,,,,,,,,,,,,,,,
,,,,,,,,,,,,,,,,,,,,,,,,,,,,,,,,,,,,,,,,,,,,,,,,,,,,,,,,,,,,,,,,,,,,,,,,,,,,,,,,,,
,,,,,,,,,,,,,,,,,,,,,,,,,,,,,,,,,,,,,,,,,,,,,,,,,,,,,,,,,,,,,,,,,,,,,,,,,,,,,,,,,,
,,,,,,,,,,,,,,,,,,,,,,,,,,,,,,,,,,,,,,,,,,,,,,,,,,,,,,,,,,,,,,,,,,,,,,,,,,,,,,,,,,
,,,,,,,,,,,,,,,,,,,,,,,,,,,,,,,,,,,,,,,,,,,,,,,,,,,,,,,,,,,,,,,,,,,,,,,,,,,,,,,,,,
,,,,,,,,,,,,,,,,,,,,,,,,,,,,,,,,,,,,,,,,,,,,,,,,,,,,,,,,,,,,,,,,,,,,,,,,,,,,,,,,,,
,,,,,,,,,,,,,,,,,,,,,,,,,,,,,,,,,,,,,,,,,,,,,,,,,,,,,,,,,,,,,,,,,,,,,,,,,,,,,,,,,,
,,,,,,,,,,,,,,,,,,,,,,,,,,,,,,,,,,,,,,,,,,,,,,,,,,,,,,,,,,,,,,,,,,,,,,,,,,,,,,,,,,
,,,,,,,,,,,,,,,,,,,,,,,,,,,,,,,,,,,,,,,,,,,,,,,,,,,,,,,,,,,,,,,,,,,,,,,,,,,,,,,,,,
,,,,,,,,,,,,,,,,,,,,,,,,,,,,,,,,,,,,,,,,,,,,,,,,,,,,,,,,,,,,,,,,,,,,,,,,,,,,,,,,,,
,,,,,,,,,,,,,,,,,,,,,,,,,,,,,,,,,,,,,,,,,,,,,,,,,,,,,,,,,,,,,,,,,,,,,,,,,,,,,,,,,,
,,,,,,,,,,,,,,,,,,,,,,,,,,,,,,,,,,,,,,,,,,,,,,,,,,,,,,,,,,,,,,,,,,,,,,,,,,,,,,,,,,
,,,,,,,,,,,,,,,,,,,,,,,,,,,,,,,,,,,,,,,,,,,,,,,,,,,,,,,,,,,,,,,,,,,,,,,,,,,,,,,,,,
,,,,,,,,,,,,,,,,,,,,,,,,,,,,,,,,,,,,,,,,,,,,,,,,,,,,,,,,,,,,,,,,,,,,,,,,,,,,,,,,,,
,,,,,,,,,,,,,,,,,,,,,,,,,,,,,,,,,,,,,,,,,,,,,,,,,,,,,,,,,,,,,,,,,,,,,,,,,,,,,,,,,,
,,,,,,,,,,,,,,,,,,,,,,,,,,,,,,,,,,,,,,,,,,,,,,,,,,,,,,,,,,,,,,,,,,,,,,,,,,,,,,,,,,
,,,,,,,,,,,,,,,,,,,,,,,,,,,,,,,,,,,,,,,,,,,,,,,,,,,,,,,,,,,,,,,,,,,,,,,,,,,,,,,,,,
,,,,,,,,,,,,,,,,,,,,,,,,,,,,,,,,,,,,,,,,,,,,,,,,,,,,,,,,,,,,,,,,,,,,,,,,,,,,,,,,,,
,,,,,,,,,,,,,,,,,,,,,,,,,,,,,,,,,,,,,,,,,,,,,,,,,,,,,,,,,,,,,,,,,,,,,,,,,,,,,,,,,,
,,,,,,,,,,,,,,,,,,,,,,,,,,,,,,,,,,,,,,,,,,,,,,,,,,,,,,,,,,,,,,,,,,,,,,,,,,,,,,,,,,
,,,,,,,,,,,,,,,,,,,,,,,,,,,,,,,,,,,,,,,,,,,,,,,,,,,,,,,,,,,,,,,,,,,,,,,,,,,,,,,,,,
,,,,,,,,,,,,,,,,,,,,,,,,,,,,,,,,,,,,,,,,,,,,,,,,,,,,,,,,,,,,,,,,,,,,,,,,,,,,,,,,,,
,,,,,,,,,,,,,,,,,,,,,,,,,,,,,,,,,,,,,,,,,,,,,,,,,,,,,,,,,,,,,,,,,,,,,,,,,,,,,,,,,,
,,,,,,,,,,,,,,,,,,,,,,,,,,,,,,,,,,,,,,,,,,,,,,,,,,,,,,,,,,,,,,,,,,,,,,,,,,,,,,,,,,
,,,,,,,,,,,,,,,,,,,,,,,,,,,,,,,,,,,,,,,,,,,,,,,,,,,,,,,,,,,,,,,,,,,,,,,,,,,,,,,,,,
,,,,,,,,,,,,,,,,,,,,,,,,,,,,,,,,,,,,,,,,,,,,,,,,,,,,,,,,,,,,,,,,,,,,,,,,,,,,,,,,,,
,,,,,,,,,,,,,,,,,,,,,,,,,,,,,,,,,,,,,,,,,,,,,,,,,,,,,,,,,,,,,,,,,,,,,,,,,,,,,,,,,,
,,,,,,,,,,,,,,,,,,,,,,,,,,,,,,,,,,,,,,,,,,,,,,,,,,,,,,,,,,,,,,,,,,,,,,,,,,,,,,,,,,
,,,,,,,,,,,,,,,,,,,,,,,,,,,,,,,,,,,,,,,,,,,,,,,,,,,,,,,,,,,,,,,,,,,,,,,,,,,,,,,,,,
,,,,,,,,,,,,,,,,,,,,,,,,,,,,,,,,,,,,,,,,,,,,,,,,,,,,,,,,,,,,,,,,,,,,,,,,,,,,,,,,,,
,,,,,,,,,,,,,,,,,,,,,,,,,,,,,,,,,,,,,,,,,,,,,,,,,,,,,,,,,,,,,,,,,,,,,,,,,,,,,,,,,,
,,,,,,,,,,,,,,,,,,,,,,,,,,,,,,,,,,,,,,,,,,,,,,,,,,,,,,,,,,,,,,,,,,,,,,,,,,,,,,,,,,
,,,,,,,,,,,,,,,,,,,,,,,,,,,,,,,,,,,,,,,,,,,,,,,,,,,,,,,,,,,,,,,,,,,,,,,,,,,,,,,,,,
,,,,,,,,,,,,,,,,,,,,,,,,,,,,,,,,,,,,,,,,,,,,,,,,,,,,,,,,,,,,,,,,,,,,,,,,,,,,,,,,,,
,,,,,,,,,,,,,,,,,,,,,,,,,,,,,,,,,,,,,,,,,,,,,,,,,,,,,,,,,,,,,,,,,,,,,,,,,,,,,,,,,,
,,,,,,,,,,,,,,,,,,,,,,,,,,,,,,,,,,,,,,,,,,,,,,,,,,,,,,,,,,,,,,,,,,,,,,,,,,,,,,,,,,
,,,,,,,,,,,,,,,,,,,,,,,,,,,,,,,,,,,,,,,,,,,,,,,,,,,,,,,,,,,,,,,,,,,,,,,,,,,,,,,,,,
,,,,,,,,,,,,,,,,,,,,,,,,,,,,,,,,,,,,,,,,,,,,,,,,,,,,,,,,,,,,,,,,,,,,,,,,,,,,,,,,,,
,,,,,,,,,,,,,,,,,,,,,,,,,,,,,,,,,,,,,,,,,,,,,,,,,,,,,,,,,,,,,,,,,,,,,,,,,,,,,,,,,,
,,,,,,,,,,,,,,,,,,,,,,,,,,,,,,,,,,,,,,,,,,,,,,,,,,,,,,,,,,,,,,,,,,,,,,,,,,,,,,,,,,
,,,,,,,,,,,,,,,,,,,,,,,,,,,,,,,,,,,,,,,,,,,,,,,,,,,,,,,,,,,,,,,,,,,,,,,,,,,,,,,,,,
,,,,,,,,,,,,,,,,,,,,,,,,,,,,,,,,,,,,,,,,,,,,,,,,,,,,,,,,,,,,,,,,,,,,,,,,,,,,,,,,,,
,,,,,,,,,,,,,,,,,,,,,,,,,,,,,,,,,,,,,,,,,,,,,,,,,,,,,,,,,,,,,,,,,,,,,,,,,,,,,,,,,,
,,,,,,,,,,,,,,,,,,,,,,,,,,,,,,,,,,,,,,,,,,,,,,,,,,,,,,,,,,,,,,,,,,,,,,,,,,,,,,,,,,
,,,,,,,,,,,,,,,,,,,,,,,,,,,,,,,,,,,,,,,,,,,,,,,,,,,,,,,,,,,,,,,,,,,,,,,,,,,,,,,,,,
,,,,,,,,,,,,,,,,,,,,,,,,,,,,,,,,,,,,,,,,,,,,,,,,,,,,,,,,,,,,,,,,,,,,,,,,,,,,,,,,,,
,,,,,,,,,,,,,,,,,,,,,,,,,,,,,,,,,,,,,,,,,,,,,,,,,,,,,,,,,,,,,,,,,,,,,,,,,,,,,,,,,,
,,,,,,,,,,,,,,,,,,,,,,,,,,,,,,,,,,,,,,,,,,,,,,,,,,,,,,,,,,,,,,,,,,,,,,,,,,,,,,,,,,
,,,,,,,,,,,,,,,,,,,,,,,,,,,,,,,,,,,,,,,,,,,,,,,,,,,,,,,,,,,,,,,,,,,,,,,,,,,,,,,,,,
,,,,,,,,,,,,,,,,,,,,,,,,,,,,,,,,,,,,,,,,,,,,,,,,,,,,,,,,,,,,,,,,,,,,,,,,,,,,,,,,,,
,,,,,,,,,,,,,,,,,,,,,,,,,,,,,,,,,,,,,,,,,,,,,,,,,,,,,,,,,,,,,,,,,,,,,,,,,,,,,,,,,,
,,,,,,,,,,,,,,,,,,,,,,,,,,,,,,,,,,,,,,,,,,,,,,,,,,,,,,,,,,,,,,,,,,,,,,,,,,,,,,,,,,
,,,,,,,,,,,,,,,,,,,,,,,,,,,,,,,,,,,,,,,,,,,,,,,,,,,,,,,,,,,,,,,,,,,,,,,,,,,,,,,,,,
,,,,,,,,,,,,,,,,,,,,,,,,,,,,,,,,,,,,,,,,,,,,,,,,,,,,,,,,,,,,,,,,,,,,,,,,,,,,,,,,,,
,,,,,,,,,,,,,,,,,,,,,,,,,,,,,,,,,,,,,,,,,,,,,,,,,,,,,,,,,,,,,,,,,,,,,,,,,,,,,,,,,,
,,,,,,,,,,,,,,,,,,,,,,,,,,,,,,,,,,,,,,,,,,,,,,,,,,,,,,,,,,,,,,,,,,,,,,,,,,,,,,,,,,
,,,,,,,,,,,,,,,,,,,,,,,,,,,,,,,,,,,,,,,,,,,,,,,,,,,,,,,,,,,,,,,,,,,,,,,,,,,,,,,,,,
,,,,,,,,,,,,,,,,,,,,,,,,,,,,,,,,,,,,,,,,,,,,,,,,,,,,,,,,,,,,,,,,,,,,,,,,,,,,,,,,,,
,,,,,,,,,,,,,,,,,,,,,,,,,,,,,,,,,,,,,,,,,,,,,,,,,,,,,,,,,,,,,,,,,,,,,,,,,,,,,,,,,,
,,,,,,,,,,,,,,,,,,,,,,,,,,,,,,,,,,,,,,,,,,,,,,,,,,,,,,,,,,,,,,,,,,,,,,,,,,,,,,,,,,
,,,,,,,,,,,,,,,,,,,,,,,,,,,,,,,,,,,,,,,,,,,,,,,,,,,,,,,,,,,,,,,,,,,,,,,,,,,,,,,,,,
,,,,,,,,,,,,,,,,,,,,,,,,,,,,,,,,,,,,,,,,,,,,,,,,,,,,,,,,,,,,,,,,,,,,,,,,,,,,,,,,,,
,,,,,,,,,,,,,,,,,,,,,,,,,,,,,,,,,,,,,,,,,,,,,,,,,,,,,,,,,,,,,,,,,,,,,,,,,,,,,,,,,,
,,,,,,,,,,,,,,,,,,,,,,,,,,,,,,,,,,,,,,,,,,,,,,,,,,,,,,,,,,,,,,,,,,,,,,,,,,,,,,,,,,
,,,,,,,,,,,,,,,,,,,,,,,,,,,,,,,,,,,,,,,,,,,,,,,,,,,,,,,,,,,,,,,,,,,,,,,,,,,,,,,,,,
,,,,,,,,,,,,,,,,,,,,,,,,,,,,,,,,,,,,,,,,,,,,,,,,,,,,,,,,,,,,,,,,,,,,,,,,,,,,,,,,,,
,,,,,,,,,,,,,,,,,,,,,,,,,,,,,,,,,,,,,,,,,,,,,,,,,,,,,,,,,,,,,,,,,,,,,,,,,,,,,,,,,,
,,,,,,,,,,,,,,,,,,,,,,,,,,,,,,,,,,,,,,,,,,,,,,,,,,,,,,,,,,,,,,,,,,,,,,,,,,,,,,,,,,
,,,,,,,,,,,,,,,,,,,,,,,,,,,,,,,,,,,,,,,,,,,,,,,,,,,,,,,,,,,,,,,,,,,,,,,,,,,,,,,,,,
,,,,,,,,,,,,,,,,,,,,,,,,,,,,,,,,,,,,,,,,,,,,,,,,,,,,,,,,,,,,,,,,,,,,,,,,,,,,,,,,,,
,,,,,,,,,,,,,,,,,,,,,,,,,,,,,,,,,,,,,,,,,,,,,,,,,,,,,,,,,,,,,,,,,,,,,,,,,,,,,,,,,,
,,,,,,,,,,,,,,,,,,,,,,,,,,,,,,,,,,,,,,,,,,,,,,,,,,,,,,,,,,,,,,,,,,,,,,,,,,,,,,,,,,
,,,,,,,,,,,,,,,,,,,,,,,,,,,,,,,,,,,,,,,,,,,,,,,,,,,,,,,,,,,,,,,,,,,,,,,,,,,,,,,,,,
,,,,,,,,,,,,,,,,,,,,,,,,,,,,,,,,,,,,,,,,,,,,,,,,,,,,,,,,,,,,,,,,,,,,,,,,,,,,,,,,,,
,,,,,,,,,,,,,,,,,,,,,,,,,,,,,,,,,,,,,,,,,,,,,,,,,,,,,,,,,,,,,,,,,,,,,,,,,,,,,,,,,,
,,,,,,,,,,,,,,,,,,,,,,,,,,,,,,,,,,,,,,,,,,,,,,,,,,,,,,,,,,,,,,,,,,,,,,,,,,,,,,,,,,
,,,,,,,,,,,,,,,,,,,,,,,,,,,,,,,,,,,,,,,,,,,,,,,,,,,,,,,,,,,,,,,,,,,,,,,,,,,,,,,,,,
,,,,,,,,,,,,,,,,,,,,,,,,,,,,,,,,,,,,,,,,,,,,,,,,,,,,,,,,,,,,,,,,,,,,,,,,,,,,,,,,,,
,,,,,,,,,,,,,,,,,,,,,,,,,,,,,,,,,,,,,,,,,,,,,,,,,,,,,,,,,,,,,,,,,,,,,,,,,,,,,,,,,,
,,,,,,,,,,,,,,,,,,,,,,,,,,,,,,,,,,,,,,,,,,,,,,,,,,,,,,,,,,,,,,,,,,,,,,,,,,,,,,,,,,
,,,,,,,,,,,,,,,,,,,,,,,,,,,,,,,,,,,,,,,,,,,,,,,,,,,,,,,,,,,,,,,,,,,,,,,,,,,,,,,,,,
,,,,,,,,,,,,,,,,,,,,,,,,,,,,,,,,,,,,,,,,,,,,,,,,,,,,,,,,,,,,,,,,,,,,,,,,,,,,,,,,,,
,,,,,,,,,,,,,,,,,,,,,,,,,,,,,,,,,,,,,,,,,,,,,,,,,,,,,,,,,,,,,,,,,,,,,,,,,,,,,,,,,,
,,,,,,,,,,,,,,,,,,,,,,,,,,,,,,,,,,,,,,,,,,,,,,,,,,,,,,,,,,,,,,,,,,,,,,,,,,,,,,,,,,
,,,,,,,,,,,,,,,,,,,,,,,,,,,,,,,,,,,,,,,,,,,,,,,,,,,,,,,,,,,,,,,,,,,,,,,,,,,,,,,,,,
,,,,,,,,,,,,,,,,,,,,,,,,,,,,,,,,,,,,,,,,,,,,,,,,,,,,,,,,,,,,,,,,,,,,,,,,,,,,,,,,,,
,,,,,,,,,,,,,,,,,,,,,,,,,,,,,,,,,,,,,,,,,,,,,,,,,,,,,,,,,,,,,,,,,,,,,,,,,,,,,,,,,,
,,,,,,,,,,,,,,,,,,,,,,,,,,,,,,,,,,,,,,,,,,,,,,,,,,,,,,,,,,,,,,,,,,,,,,,,,,,,,,,,,,
,,,,,,,,,,,,,,,,,,,,,,,,,,,,,,,,,,,,,,,,,,,,,,,,,,,,,,,,,,,,,,,,,,,,,,,,,,,,,,,,,,
,,,,,,,,,,,,,,,,,,,,,,,,,,,,,,,,,,,,,,,,,,,,,,,,,,,,,,,,,,,,,,,,,,,,,,,,,,,,,,,,,,
,,,,,,,,,,,,,,,,,,,,,,,,,,,,,,,,,,,,,,,,,,,,,,,,,,,,,,,,,,,,,,,,,,,,,,,,,,,,,,,,,,
,,,,,,,,,,,,,,,,,,,,,,,,,,,,,,,,,,,,,,,,,,,,,,,,,,,,,,,,,,,,,,,,,,,,,,,,,,,,,,,,,,
,,,,,,,,,,,,,,,,,,,,,,,,,,,,,,,,,,,,,,,,,,,,,,,,,,,,,,,,,,,,,,,,,,,,,,,,,,,,,,,,,,
,,,,,,,,,,,,,,,,,,,,,,,,,,,,,,,,,,,,,,,,,,,,,,,,,,,,,,,,,,,,,,,,,,,,,,,,,,,,,,,,,,
,,,,,,,,,,,,,,,,,,,,,,,,,,,,,,,,,,,,,,,,,,,,,,,,,,,,,,,,,,,,,,,,,,,,,,,,,,,,,,,,,,
,,,,,,,,,,,,,,,,,,,,,,,,,,,,,,,,,,,,,,,,,,,,,,,,,,,,,,,,,,,,,,,,,,,,,,,,,,,,,,,,,,
,,,,,,,,,,,,,,,,,,,,,,,,,,,,,,,,,,,,,,,,,,,,,,,,,,,,,,,,,,,,,,,,,,,,,,,,,,,,,,,,,,
,,,,,,,,,,,,,,,,,,,,,,,,,,,,,,,,,,,,,,,,,,,,,,,,,,,,,,,,,,,,,,,,,,,,,,,,,,,,,,,,,,
,,,,,,,,,,,,,,,,,,,,,,,,,,,,,,,,,,,,,,,,,,,,,,,,,,,,,,,,,,,,,,,,,,,,,,,,,,,,,,,,,,
,,,,,,,,,,,,,,,,,,,,,,,,,,,,,,,,,,,,,,,,,,,,,,,,,,,,,,,,,,,,,,,,,,,,,,,,,,,,,,,,,,
,,,,,,,,,,,,,,,,,,,,,,,,,,,,,,,,,,,,,,,,,,,,,,,,,,,,,,,,,,,,,,,,,,,,,,,,,,,,,,,,,,
,,,,,,,,,,,,,,,,,,,,,,,,,,,,,,,,,,,,,,,,,,,,,,,,,,,,,,,,,,,,,,,,,,,,,,,,,,,,,,,,,,
